match_id,team1,team2,venue,season
1082591,Sunrisers Hyderabad,Royal Challengers Bangalore,"Rajiv Gandhi International Stadium, Uppal",2017
1082592,Rising Pune Supergiant,Mumbai Indians,Maharashtra Cricket Association Stadium,2017
1082593,Gujarat Lions,Kolkata Knight Riders,Saurashtra Cricket Association Stadium,2017
1082594,Kings XI Punjab,Rising Pune Supergiant,Holkar Cricket Stadium,2017
1082595,Royal Challengers Bangalore,Delhi Daredevils,M.Chinnaswamy Stadium,2017
1082596,Sunrisers Hyderabad,Gujarat Lions,"Rajiv Gandhi International Stadium, Uppal",2017
1082597,Mumbai Indians,Kolkata Knight Riders,Wankhede Stadium,2017
1082598,Kings XI Punjab,Royal Challengers Bangalore,Holkar Cricket Stadium,2017
1082599,Rising Pune Supergiant,Delhi Daredevils,Maharashtra Cricket Association Stadium,2017
1082600,Mumbai Indians,Sunrisers Hyderabad,Wankhede Stadium,2017
1082601,Kolkata Knight Riders,Kings XI Punjab,Eden Gardens,2017
1082602,Royal Challengers Bangalore,Mumbai Indians,M Chinnaswamy Stadium,2017
1082603,Gujarat Lions,Rising Pune Supergiant,Saurashtra Cricket Association Stadium,2017
1082604,Kolkata Knight Riders,Sunrisers Hyderabad,Eden Gardens,2017
1082605,Delhi Daredevils,Kings XI Punjab,Feroz Shah Kotla,2017
1082606,Mumbai Indians,Gujarat Lions,Wankhede Stadium,2017
1082607,Royal Challengers Bangalore,Rising Pune Supergiant,M Chinnaswamy Stadium,2017
1082608,Delhi Daredevils,Kolkata Knight Riders,Feroz Shah Kotla,2017
1082609,Sunrisers Hyderabad,Kings XI Punjab,"Rajiv Gandhi International Stadium, Uppal",2017
1082610,Gujarat Lions,Royal Challengers Bangalore,Saurashtra Cricket Association Stadium,2017
1082611,Sunrisers Hyderabad,Delhi Daredevils,"Rajiv Gandhi International Stadium, Uppal",2017
1082612,Kings XI Punjab,Mumbai Indians,Holkar Cricket Stadium,2017
1082613,Kolkata Knight Riders,Gujarat Lions,Eden Gardens,2017
1082614,Mumbai Indians,Delhi Daredevils,Wankhede Stadium,2017
1082615,Rising Pune Supergiant,Sunrisers Hyderabad,Maharashtra Cricket Association Stadium,2017
1082616,Gujarat Lions,Kings XI Punjab,Saurashtra Cricket Association Stadium,2017
1082617,Kolkata Knight Riders,Royal Challengers Bangalore,Eden Gardens,2017
1082618,Mumbai Indians,Rising Pune Supergiant,Wankhede Stadium,2017
1082620,Rising Pune Supergiant,Kolkata Knight Riders,Maharashtra Cricket Association Stadium,2017
1082621,Royal Challengers Bangalore,Gujarat Lions,M Chinnaswamy Stadium,2017
1082622,Kolkata Knight Riders,Delhi Daredevils,Eden Gardens,2017
1082623,Kings XI Punjab,Sunrisers Hyderabad,"Punjab Cricket Association IS Bindra Stadium, Mohali",2017
1082624,Rising Pune Supergiant,Royal Challengers Bangalore,Maharashtra Cricket Association Stadium,2017
1082625,Gujarat Lions,Mumbai Indians,Saurashtra Cricket Association Stadium,2017
1082626,Kings XI Punjab,Delhi Daredevils,"Punjab Cricket Association IS Bindra Stadium, Mohali",2017
1082627,Sunrisers Hyderabad,Kolkata Knight Riders,"Rajiv Gandhi International Stadium, Uppal",2017
1082628,Mumbai Indians,Royal Challengers Bangalore,Wankhede Stadium,2017
1082629,Rising Pune Supergiant,Gujarat Lions,Maharashtra Cricket Association Stadium,2017
1082630,Delhi Daredevils,Sunrisers Hyderabad,Feroz Shah Kotla,2017
1082631,Kolkata Knight Riders,Rising Pune Supergiant,Eden Gardens,2017
1082632,Delhi Daredevils,Gujarat Lions,Feroz Shah Kotla,2017
1082633,Royal Challengers Bangalore,Kings XI Punjab,M Chinnaswamy Stadium,2017
1082634,Sunrisers Hyderabad,Rising Pune Supergiant,"Rajiv Gandhi International Stadium, Uppal",2017
1082635,Delhi Daredevils,Mumbai Indians,Feroz Shah Kotla,2017
1082636,Royal Challengers Bangalore,Kolkata Knight Riders,M Chinnaswamy Stadium,2017
1082637,Kings XI Punjab,Gujarat Lions,"Punjab Cricket Association IS Bindra Stadium, Mohali",2017
1082638,Sunrisers Hyderabad,Mumbai Indians,"Rajiv Gandhi International Stadium, Uppal",2017
1082639,Kings XI Punjab,Kolkata Knight Riders,"Punjab Cricket Association IS Bindra Stadium, Mohali",2017
1082640,Gujarat Lions,Delhi Daredevils,Green Park,2017
1082641,Mumbai Indians,Kings XI Punjab,Wankhede Stadium,2017
1082642,Delhi Daredevils,Rising Pune Supergiant,Feroz Shah Kotla,2017
1082643,Gujarat Lions,Sunrisers Hyderabad,Green Park,2017
1082644,Kolkata Knight Riders,Mumbai Indians,Eden Gardens,2017
1082645,Rising Pune Supergiant,Kings XI Punjab,Maharashtra Cricket Association Stadium,2017
1082646,Delhi Daredevils,Royal Challengers Bangalore,Feroz Shah Kotla,2017
1082647,Mumbai Indians,Rising Pune Supergiant,Wankhede Stadium,2017
1082648,Sunrisers Hyderabad,Kolkata Knight Riders,M Chinnaswamy Stadium,2017
1082649,Mumbai Indians,Kolkata Knight Riders,M Chinnaswamy Stadium,2017
1082650,Mumbai Indians,Rising Pune Supergiant,"Rajiv Gandhi International Stadium, Uppal",2017
1136561,Mumbai Indians,Chennai Super Kings,Wankhede Stadium,2018
1136562,Delhi Daredevils,Kings XI Punjab,Punjab Cricket Association IS Bindra Stadium,2018
1136563,Royal Challengers Bangalore,Kolkata Knight Riders,Eden Gardens,2018
1136564,Rajasthan Royals,Sunrisers Hyderabad,Rajiv Gandhi International Stadium,2018
1136565,Kolkata Knight Riders,Chennai Super Kings,MA Chidambaram Stadium,2018
1136566,Rajasthan Royals,Delhi Daredevils,Sawai Mansingh Stadium,2018
1136567,Mumbai Indians,Sunrisers Hyderabad,Rajiv Gandhi International Stadium,2018
1136568,Kings XI Punjab,Royal Challengers Bangalore,M.Chinnaswamy Stadium,2018
1136569,Mumbai Indians,Delhi Daredevils,Wankhede Stadium,2018
1136570,Kolkata Knight Riders,Sunrisers Hyderabad,Eden Gardens,2018
1136571,Rajasthan Royals,Royal Challengers Bangalore,M.Chinnaswamy Stadium,2018
1136572,Kings XI Punjab,Chennai Super Kings,Punjab Cricket Association IS Bindra Stadium,2018
1136573,Kolkata Knight Riders,Delhi Daredevils,Eden Gardens,2018
1136574,Mumbai Indians,Royal Challengers Bangalore,Wankhede Stadium,2018
1136575,Rajasthan Royals,Kolkata Knight Riders,Sawai Mansingh Stadium,2018
1136576,Kings XI Punjab,Sunrisers Hyderabad,Punjab Cricket Association IS Bindra Stadium,2018
1136577,Chennai Super Kings,Rajasthan Royals,Maharashtra Cricket Association Stadium,2018
1136578,Kolkata Knight Riders,Kings XI Punjab,Eden Gardens,2018
1136579,Delhi Daredevils,Royal Challengers Bangalore,M.Chinnaswamy Stadium,2018
1136580,Chennai Super Kings,Sunrisers Hyderabad,Rajiv Gandhi International Stadium,2018
1136581,Mumbai Indians,Rajasthan Royals,Sawai Mansingh Stadium,2018
1136582,Kings XI Punjab,Delhi Daredevils,Arun Jaitley Stadium,2018
1136583,Sunrisers Hyderabad,Mumbai Indians,Wankhede Stadium,2018
1136584,Royal Challengers Bangalore,Chennai Super Kings,M.Chinnaswamy Stadium,2018
1136585,Sunrisers Hyderabad,Kings XI Punjab,Rajiv Gandhi International Stadium,2018
1136586,Delhi Daredevils,Kolkata Knight Riders,Arun Jaitley Stadium,2018
1136587,Chennai Super Kings,Mumbai Indians,Maharashtra Cricket Association Stadium,2018
1136588,Sunrisers Hyderabad,Rajasthan Royals,Sawai Mansingh Stadium,2018
1136589,Royal Challengers Bangalore,Kolkata Knight Riders,M.Chinnaswamy Stadium,2018
1136590,Chennai Super Kings,Delhi Daredevils,Maharashtra Cricket Association Stadium,2018
1136591,Royal Challengers Bangalore,Mumbai Indians,M.Chinnaswamy Stadium,2018
1136592,Delhi Daredevils,Rajasthan Royals,Arun Jaitley Stadium,2018
1136593,Chennai Super Kings,Kolkata Knight Riders,Eden Gardens,2018
1136594,Kings XI Punjab,Mumbai Indians,Holkar Cricket Stadium,2018
1136595,Royal Challengers Bangalore,Chennai Super Kings,Maharashtra Cricket Association Stadium,2018
1136596,Delhi Daredevils,Sunrisers Hyderabad,Rajiv Gandhi International Stadium,2018
1136597,Mumbai Indians,Kolkata Knight Riders,Wankhede Stadium,2018
1136598,Rajasthan Royals,Kings XI Punjab,Holkar Cricket Stadium,2018
1136599,Sunrisers Hyderabad,Royal Challengers Bangalore,Rajiv Gandhi International Stadium,2018
1136600,Rajasthan Royals,Kings XI Punjab,Sawai Mansingh Stadium,2018
1136601,Mumbai Indians,Kolkata Knight Riders,Eden Gardens,2018
1136602,Delhi Daredevils,Sunrisers Hyderabad,Arun Jaitley Stadium,2018
1136603,Chennai Super Kings,Rajasthan Royals,Sawai Mansingh Stadium,2018
1136604,Kolkata Knight Riders,Kings XI Punjab,Holkar Cricket Stadium,2018
1136605,Delhi Daredevils,Royal Challengers Bangalore,Arun Jaitley Stadium,2018
1136606,Sunrisers Hyderabad,Chennai Super Kings,Maharashtra Cricket Association Stadium,2018
1136607,Mumbai Indians,Rajasthan Royals,Wankhede Stadium,2018
1136608,Kings XI Punjab,Royal Challengers Bangalore,Holkar Cricket Stadium,2018
1136609,Rajasthan Royals,Kolkata Knight Riders,Eden Gardens,2018
1136610,Mumbai Indians,Kings XI Punjab,Wankhede Stadium,2018
1136611,Royal Challengers Bangalore,Sunrisers Hyderabad,M.Chinnaswamy Stadium,2018
1136612,Delhi Daredevils,Chennai Super Kings,Arun Jaitley Stadium,2018
1136613,Rajasthan Royals,Royal Challengers Bangalore,Sawai Mansingh Stadium,2018
1136614,Sunrisers Hyderabad,Kolkata Knight Riders,Rajiv Gandhi International Stadium,2018
1136615,Delhi Daredevils,Mumbai Indians,Arun Jaitley Stadium,2018
1136616,Kings XI Punjab,Chennai Super Kings,Maharashtra Cricket Association Stadium,2018
1136617,Sunrisers Hyderabad,Chennai Super Kings,Wankhede Stadium,2018
1136618,Kolkata Knight Riders,Rajasthan Royals,Eden Gardens,2018
1136619,Sunrisers Hyderabad,Kolkata Knight Riders,Eden Gardens,2018
1136620,Sunrisers Hyderabad,Chennai Super Kings,Wankhede Stadium,2018
1175356,Royal Challengers Bangalore,Chennai Super Kings,MA Chidambaram Stadium,2019
1175357,Sunrisers Hyderabad,Kolkata Knight Riders,Eden Gardens,2019
1175358,Delhi Capitals,Mumbai Indians,Wankhede Stadium,2019
1175359,Kings XI Punjab,Rajasthan Royals,Sawai Mansingh Stadium,2019
1175360,Delhi Capitals,Chennai Super Kings,Arun Jaitley Stadium,2019
1175361,Kolkata Knight Riders,Kings XI Punjab,Eden Gardens,2019
1175362,Mumbai Indians,Royal Challengers Bangalore,M.Chinnaswamy Stadium,2019
1175363,Rajasthan Royals,Sunrisers Hyderabad,Rajiv Gandhi International Stadium,2019
1175364,Mumbai Indians,Kings XI Punjab,Punjab Cricket Association IS Bindra Stadium,2019
1175365,Kolkata Knight Riders,Delhi Capitals,Arun Jaitley Stadium,2019
1175366,Sunrisers Hyderabad,Royal Challengers Bangalore,Rajiv Gandhi International Stadium,2019
1175367,Chennai Super Kings,Rajasthan Royals,MA Chidambaram Stadium,2019
1175368,Kings XI Punjab,Delhi Capitals,Punjab Cricket Association IS Bindra Stadium,2019
1175369,Royal Challengers Bangalore,Rajasthan Royals,Sawai Mansingh Stadium,2019
1175370,Mumbai Indians,Chennai Super Kings,Wankhede Stadium,2019
1175371,Delhi Capitals,Sunrisers Hyderabad,Arun Jaitley Stadium,2019
1175372,Royal Challengers Bangalore,Kolkata Knight Riders,M.Chinnaswamy Stadium,2019
1178393,Chennai Super Kings,Kings XI Punjab,MA Chidambaram Stadium,2019
1178394,Mumbai Indians,Sunrisers Hyderabad,Rajiv Gandhi International Stadium,2019
1178395,Royal Challengers Bangalore,Delhi Capitals,M.Chinnaswamy Stadium,2019
1178396,Rajasthan Royals,Kolkata Knight Riders,Sawai Mansingh Stadium,2019
1178397,Sunrisers Hyderabad,Kings XI Punjab,Punjab Cricket Association IS Bindra Stadium,2019
1178398,Kolkata Knight Riders,Chennai Super Kings,MA Chidambaram Stadium,2019
1178399,Kings XI Punjab,Mumbai Indians,Wankhede Stadium,2019
1178400,Rajasthan Royals,Chennai Super Kings,Sawai Mansingh Stadium,2019
1178401,Kolkata Knight Riders,Delhi Capitals,Eden Gardens,2019
1178402,Mumbai Indians,Rajasthan Royals,Wankhede Stadium,2019
1178403,Kings XI Punjab,Royal Challengers Bangalore,Punjab Cricket Association IS Bindra Stadium,2019
1178404,Kolkata Knight Riders,Chennai Super Kings,Eden Gardens,2019
1178405,Delhi Capitals,Sunrisers Hyderabad,Rajiv Gandhi International Stadium,2019
1178406,Royal Challengers Bangalore,Mumbai Indians,Wankhede Stadium,2019
1178407,Kings XI Punjab,Rajasthan Royals,Punjab Cricket Association IS Bindra Stadium,2019
1178408,Chennai Super Kings,Sunrisers Hyderabad,Rajiv Gandhi International Stadium,2019
1178409,Mumbai Indians,Delhi Capitals,Arun Jaitley Stadium,2019
1178410,Royal Challengers Bangalore,Kolkata Knight Riders,Eden Gardens,2019
1178411,Mumbai Indians,Rajasthan Royals,Sawai Mansingh Stadium,2019
1178412,Kings XI Punjab,Delhi Capitals,Arun Jaitley Stadium,2019
1178413,Kolkata Knight Riders,Sunrisers Hyderabad,Rajiv Gandhi International Stadium,2019
1178414,Royal Challengers Bangalore,Chennai Super Kings,M.Chinnaswamy Stadium,2019
1178415,Rajasthan Royals,Delhi Capitals,Sawai Mansingh Stadium,2019
1178416,Sunrisers Hyderabad,Chennai Super Kings,MA Chidambaram Stadium,2019
1178417,Royal Challengers Bangalore,Kings XI Punjab,M.Chinnaswamy Stadium,2019
1178418,Kolkata Knight Riders,Rajasthan Royals,Eden Gardens,2019
1178419,Mumbai Indians,Chennai Super Kings,MA Chidambaram Stadium,2019
1178420,Sunrisers Hyderabad,Rajasthan Royals,Sawai Mansingh Stadium,2019
1178421,Delhi Capitals,Royal Challengers Bangalore,Arun Jaitley Stadium,2019
1178422,Kolkata Knight Riders,Mumbai Indians,Eden Gardens,2019
1178423,Sunrisers Hyderabad,Kings XI Punjab,Rajiv Gandhi International Stadium,2019
1178424,Royal Challengers Bangalore,Rajasthan Royals,M.Chinnaswamy Stadium,2019
1178425,Chennai Super Kings,Delhi Capitals,MA Chidambaram Stadium,2019
1178426,Mumbai Indians,Sunrisers Hyderabad,Wankhede Stadium,2019
1178427,Kings XI Punjab,Kolkata Knight Riders,Punjab Cricket Association IS Bindra Stadium,2019
1178428,Rajasthan Royals,Delhi Capitals,Arun Jaitley Stadium,2019
1178429,Sunrisers Hyderabad,Royal Challengers Bangalore,M.Chinnaswamy Stadium,2019
1178430,Chennai Super Kings,Kings XI Punjab,Punjab Cricket Association IS Bindra Stadium,2019
1178431,Kolkata Knight Riders,Mumbai Indians,Wankhede Stadium,2019
1181764,Chennai Super Kings,Mumbai Indians,MA Chidambaram Stadium,2019
1181766,Sunrisers Hyderabad,Delhi Capitals,Dr. Y.S. Rajasekhara Reddy ACA-VDCA Cricket Stadium,2019
1181767,Delhi Capitals,Chennai Super Kings,Dr. Y.S. Rajasekhara Reddy ACA-VDCA Cricket Stadium,2019
1181768,Mumbai Indians,Chennai Super Kings,Rajiv Gandhi International Stadium,2019
1216492,Mumbai Indians,Chennai Super Kings,Sheikh Zayed Stadium,2020/21
1216493,Delhi Capitals,Kings XI Punjab,Dubai International Cricket Stadium,2020/21
1216494,Kolkata Knight Riders,Royal Challengers Bangalore,Sheikh Zayed Stadium,2020/21
1216495,Mumbai Indians,Sunrisers Hyderabad,Sharjah Cricket Stadium,2020/21
1216496,Rajasthan Royals,Chennai Super Kings,Sharjah Cricket Stadium,2020/21
1216497,Kolkata Knight Riders,Delhi Capitals,Sheikh Zayed Stadium,2020/21
1216498,Kings XI Punjab,Sunrisers Hyderabad,Dubai International Cricket Stadium,2020/21
1216499,Royal Challengers Bangalore,Mumbai Indians,Sheikh Zayed Stadium,2020/21
1216500,Delhi Capitals,Rajasthan Royals,Sharjah Cricket Stadium,2020/21
1216501,Kolkata Knight Riders,Chennai Super Kings,Sheikh Zayed Stadium,2020/21
1216502,Royal Challengers Bangalore,Sunrisers Hyderabad,Sharjah Cricket Stadium,2020/21
1216503,Mumbai Indians,Kings XI Punjab,Sheikh Zayed Stadium,2020/21
1216504,Kolkata Knight Riders,Rajasthan Royals,Dubai International Cricket Stadium,2020/21
1216505,Royal Challengers Bangalore,Delhi Capitals,Sheikh Zayed Stadium,2020/21
1216506,Kings XI Punjab,Chennai Super Kings,Sheikh Zayed Stadium,2020/21
1216507,Sunrisers Hyderabad,Rajasthan Royals,Dubai International Cricket Stadium,2020/21
1216508,Mumbai Indians,Kolkata Knight Riders,Sheikh Zayed Stadium,2020/21
1216509,Chennai Super Kings,Delhi Capitals,Sharjah Cricket Stadium,2020/21
1216510,Kings XI Punjab,Royal Challengers Bangalore,Dubai International Cricket Stadium,2020/21
1216511,Mumbai Indians,Rajasthan Royals,Sheikh Zayed Stadium,2020/21
1216512,Kolkata Knight Riders,Sunrisers Hyderabad,Sheikh Zayed Stadium,2020/21
1216513,Kings XI Punjab,Chennai Super Kings,Dubai International Cricket Stadium,2020/21
1216514,Rajasthan Royals,Royal Challengers Bangalore,Sheikh Zayed Stadium,2020/21
1216515,Delhi Capitals,Kolkata Knight Riders,Sharjah Cricket Stadium,2020/21
1216516,Sunrisers Hyderabad,Chennai Super Kings,Dubai International Cricket Stadium,2020/21
1216517,Mumbai Indians,Kings XI Punjab,Dubai International Cricket Stadium,2020/21
1216518,Rajasthan Royals,Sunrisers Hyderabad,Dubai International Cricket Stadium,2020/21
1216519,Delhi Capitals,Royal Challengers Bangalore,Dubai International Cricket Stadium,2020/21
1216520,Kolkata Knight Riders,Kings XI Punjab,Sharjah Cricket Stadium,2020/21
1216521,Chennai Super Kings,Mumbai Indians,Sharjah Cricket Stadium,2020/21
1216522,Rajasthan Royals,Royal Challengers Bangalore,Dubai International Cricket Stadium,2020/21
1216523,Kolkata Knight Riders,Kings XI Punjab,Sheikh Zayed Stadium,2020/21
1216524,Sunrisers Hyderabad,Delhi Capitals,Dubai International Cricket Stadium,2020/21
1216525,Royal Challengers Bangalore,Chennai Super Kings,Dubai International Cricket Stadium,2020/21
1216526,Kolkata Knight Riders,Mumbai Indians,Sheikh Zayed Stadium,2020/21
1216527,Kings XI Punjab,Rajasthan Royals,Sharjah Cricket Stadium,2020/21
1216528,Chennai Super Kings,Sunrisers Hyderabad,Dubai International Cricket Stadium,2020/21
1216529,Delhi Capitals,Mumbai Indians,Sheikh Zayed Stadium,2020/21
1216530,Kolkata Knight Riders,Rajasthan Royals,Dubai International Cricket Stadium,2020/21
1216531,Royal Challengers Bangalore,Kings XI Punjab,Sharjah Cricket Stadium,2020/21
1216532,Sunrisers Hyderabad,Delhi Capitals,Sheikh Zayed Stadium,2020/21
1216533,Chennai Super Kings,Rajasthan Royals,Sheikh Zayed Stadium,2020/21
1216534,Royal Challengers Bangalore,Sunrisers Hyderabad,Dubai International Cricket Stadium,2020/21
1216535,Delhi Capitals,Mumbai Indians,Dubai International Cricket Stadium,2020/21
1216536,Kolkata Knight Riders,Chennai Super Kings,Dubai International Cricket Stadium,2020/21
1216537,Kings XI Punjab,Rajasthan Royals,Sheikh Zayed Stadium,2020/21
1216538,Mumbai Indians,Sunrisers Hyderabad,Sharjah Cricket Stadium,2020/21
1216539,Delhi Capitals,Chennai Super Kings,Dubai International Cricket Stadium,2020/21
1216540,Royal Challengers Bangalore,Kolkata Knight Riders,Sharjah Cricket Stadium,2020/21
1216541,Mumbai Indians,Rajasthan Royals,Sheikh Zayed Stadium,2020/21
1216542,Sunrisers Hyderabad,Kings XI Punjab,Dubai International Cricket Stadium,2020/21
1216543,Delhi Capitals,Rajasthan Royals,Dubai International Cricket Stadium,2020/21
1216544,Royal Challengers Bangalore,Chennai Super Kings,Dubai International Cricket Stadium,2020/21
1216545,Sunrisers Hyderabad,Kolkata Knight Riders,Sheikh Zayed Stadium,2020/21
1216546,Delhi Capitals,Kings XI Punjab,Dubai International Cricket Stadium,2020/21
1216547,Royal Challengers Bangalore,Mumbai Indians,Dubai International Cricket Stadium,2020/21
1237177,Mumbai Indians,Delhi Capitals,Dubai International Cricket Stadium,2020/21
1237178,Royal Challengers Bangalore,Sunrisers Hyderabad,Sheikh Zayed Stadium,2020/21
1237180,Delhi Capitals,Sunrisers Hyderabad,Sheikh Zayed Stadium,2020/21
1237181,Delhi Capitals,Mumbai Indians,Dubai International Cricket Stadium,2020/21
1254058,Mumbai Indians,Royal Challengers Bangalore,"MA Chidambaram Stadium, Chepauk, Chennai",2021
1254059,Chennai Super Kings,Delhi Capitals,"Wankhede Stadium, Mumbai",2021
1254060,Kolkata Knight Riders,Sunrisers Hyderabad,"MA Chidambaram Stadium, Chepauk, Chennai",2021
1254061,Punjab Kings,Rajasthan Royals,"Wankhede Stadium, Mumbai",2021
1254062,Mumbai Indians,Kolkata Knight Riders,"MA Chidambaram Stadium, Chepauk, Chennai",2021
1254063,Royal Challengers Bangalore,Sunrisers Hyderabad,"MA Chidambaram Stadium, Chepauk, Chennai",2021
1254064,Delhi Capitals,Rajasthan Royals,"Wankhede Stadium, Mumbai",2021
1254065,Punjab Kings,Chennai Super Kings,"Wankhede Stadium, Mumbai",2021
1254066,Mumbai Indians,Sunrisers Hyderabad,"MA Chidambaram Stadium, Chepauk, Chennai",2021
1254067,Royal Challengers Bangalore,Kolkata Knight Riders,"MA Chidambaram Stadium, Chepauk, Chennai",2021
1254068,Punjab Kings,Delhi Capitals,"Wankhede Stadium, Mumbai",2021
1254069,Chennai Super Kings,Rajasthan Royals,"Wankhede Stadium, Mumbai",2021
1254070,Mumbai Indians,Delhi Capitals,"MA Chidambaram Stadium, Chepauk, Chennai",2021
1254071,Punjab Kings,Sunrisers Hyderabad,"MA Chidambaram Stadium, Chepauk, Chennai",2021
1254072,Chennai Super Kings,Kolkata Knight Riders,"Wankhede Stadium, Mumbai",2021
1254073,Rajasthan Royals,Royal Challengers Bangalore,"Wankhede Stadium, Mumbai",2021
1254074,Mumbai Indians,Punjab Kings,"MA Chidambaram Stadium, Chepauk, Chennai",2021
1254075,Kolkata Knight Riders,Rajasthan Royals,"Wankhede Stadium, Mumbai",2021
1254076,Chennai Super Kings,Royal Challengers Bangalore,"Wankhede Stadium, Mumbai",2021
1254077,Delhi Capitals,Sunrisers Hyderabad,"MA Chidambaram Stadium, Chepauk, Chennai",2021
1254078,Punjab Kings,Kolkata Knight Riders,"Narendra Modi Stadium, Ahmedabad",2021
1254079,Royal Challengers Bangalore,Delhi Capitals,"Narendra Modi Stadium, Ahmedabad",2021
1254080,Sunrisers Hyderabad,Chennai Super Kings,"Arun Jaitley Stadium, Delhi",2021
1254081,Rajasthan Royals,Mumbai Indians,"Arun Jaitley Stadium, Delhi",2021
1254082,Kolkata Knight Riders,Delhi Capitals,"Narendra Modi Stadium, Ahmedabad",2021
1254083,Punjab Kings,Royal Challengers Bangalore,"Narendra Modi Stadium, Ahmedabad",2021
1254084,Chennai Super Kings,Mumbai Indians,"Arun Jaitley Stadium, Delhi",2021
1254085,Rajasthan Royals,Sunrisers Hyderabad,"Arun Jaitley Stadium, Delhi",2021
1254086,Punjab Kings,Delhi Capitals,"Narendra Modi Stadium, Ahmedabad",2021
1254087,Royal Challengers Bangalore,Kolkata Knight Riders,"Zayed Cricket Stadium, Abu Dhabi",2021
1254088,Mumbai Indians,Sunrisers Hyderabad,"Zayed Cricket Stadium, Abu Dhabi",2021
1254089,Chennai Super Kings,Rajasthan Royals,"Zayed Cricket Stadium, Abu Dhabi",2021
1254090,Royal Challengers Bangalore,Punjab Kings,Sharjah Cricket Stadium,2021
1254091,Sunrisers Hyderabad,Chennai Super Kings,Sharjah Cricket Stadium,2021
1254092,Delhi Capitals,Kolkata Knight Riders,Sharjah Cricket Stadium,2021
1254093,Rajasthan Royals,Mumbai Indians,Sharjah Cricket Stadium,2021
1254094,Chennai Super Kings,Punjab Kings,Dubai International Cricket Stadium,2021
1254095,Sunrisers Hyderabad,Royal Challengers Bangalore,"Zayed Cricket Stadium, Abu Dhabi",2021
1254096,Mumbai Indians,Kolkata Knight Riders,"Zayed Cricket Stadium, Abu Dhabi",2021
1254097,Delhi Capitals,Rajasthan Royals,"Zayed Cricket Stadium, Abu Dhabi",2021
1254098,Kolkata Knight Riders,Chennai Super Kings,"Zayed Cricket Stadium, Abu Dhabi",2021
1254099,Punjab Kings,Mumbai Indians,"Zayed Cricket Stadium, Abu Dhabi",2021
1254100,Rajasthan Royals,Sunrisers Hyderabad,Dubai International Cricket Stadium,2021
1254101,Delhi Capitals,Royal Challengers Bangalore,Dubai International Cricket Stadium,2021
1254102,Kolkata Knight Riders,Punjab Kings,Dubai International Cricket Stadium,2021
1254103,Rajasthan Royals,Royal Challengers Bangalore,Dubai International Cricket Stadium,2021
1254104,Chennai Super Kings,Mumbai Indians,Dubai International Cricket Stadium,2021
1254105,Sunrisers Hyderabad,Delhi Capitals,Dubai International Cricket Stadium,2021
1254106,Kolkata Knight Riders,Rajasthan Royals,Sharjah Cricket Stadium,2021
1254107,Punjab Kings,Sunrisers Hyderabad,Sharjah Cricket Stadium,2021
1254108,Royal Challengers Bangalore,Mumbai Indians,Dubai International Cricket Stadium,2021
1254109,Sunrisers Hyderabad,Kolkata Knight Riders,Dubai International Cricket Stadium,2021
1254110,Chennai Super Kings,Delhi Capitals,Dubai International Cricket Stadium,2021
1254111,Rajasthan Royals,Punjab Kings,Dubai International Cricket Stadium,2021
1254112,Mumbai Indians,Delhi Capitals,Sharjah Cricket Stadium,2021
1254113,Royal Challengers Bangalore,Chennai Super Kings,Sharjah Cricket Stadium,2021
1254114,Delhi Capitals,Chennai Super Kings,Dubai International Cricket Stadium,2021
1254115,Royal Challengers Bangalore,Kolkata Knight Riders,Sharjah Cricket Stadium,2021
1254116,Delhi Capitals,Kolkata Knight Riders,Sharjah Cricket Stadium,2021
1254117,Chennai Super Kings,Kolkata Knight Riders,Dubai International Cricket Stadium,2021
1304047,Chennai Super Kings,Kolkata Knight Riders,"Wankhede Stadium, Mumbai",2022
1304048,Mumbai Indians,Delhi Capitals,"Brabourne Stadium, Mumbai",2022
1304049,Royal Challengers Bangalore,Punjab Kings,"Dr DY Patil Sports Academy, Mumbai",2022
1304050,Lucknow Super Giants,Gujarat Titans,"Wankhede Stadium, Mumbai",2022
1304051,Rajasthan Royals,Sunrisers Hyderabad,"Maharashtra Cricket Association Stadium, Pune",2022
1304052,Kolkata Knight Riders,Royal Challengers Bangalore,"Dr DY Patil Sports Academy, Mumbai",2022
1304053,Chennai Super Kings,Lucknow Super Giants,"Brabourne Stadium, Mumbai",2022
1304054,Punjab Kings,Kolkata Knight Riders,"Wankhede Stadium, Mumbai",2022
1304055,Rajasthan Royals,Mumbai Indians,"Dr DY Patil Sports Academy, Mumbai",2022
1304056,Gujarat Titans,Delhi Capitals,"Maharashtra Cricket Association Stadium, Pune",2022
1304057,Punjab Kings,Chennai Super Kings,"Brabourne Stadium, Mumbai",2022
1304058,Lucknow Super Giants,Sunrisers Hyderabad,"Dr DY Patil Sports Academy, Mumbai",2022
1304059,Rajasthan Royals,Royal Challengers Bangalore,"Wankhede Stadium, Mumbai",2022
1304060,Mumbai Indians,Kolkata Knight Riders,"Maharashtra Cricket Association Stadium, Pune",2022
1304061,Delhi Capitals,Lucknow Super Giants,"Dr DY Patil Sports Academy, Mumbai",2022
1304062,Punjab Kings,Gujarat Titans,"Brabourne Stadium, Mumbai",2022
1304063,Chennai Super Kings,Sunrisers Hyderabad,"Dr DY Patil Sports Academy, Mumbai",2022
1304064,Mumbai Indians,Royal Challengers Bangalore,"Maharashtra Cricket Association Stadium, Pune",2022
1304065,Delhi Capitals,Kolkata Knight Riders,"Brabourne Stadium, Mumbai",2022
1304066,Rajasthan Royals,Lucknow Super Giants,"Wankhede Stadium, Mumbai",2022
1304067,Gujarat Titans,Sunrisers Hyderabad,"Dr DY Patil Sports Academy, Mumbai",2022
1304068,Chennai Super Kings,Royal Challengers Bangalore,"Dr DY Patil Sports Academy, Mumbai",2022
1304069,Punjab Kings,Mumbai Indians,"Maharashtra Cricket Association Stadium, Pune",2022
1304070,Gujarat Titans,Rajasthan Royals,"Dr DY Patil Sports Academy, Mumbai",2022
1304071,Kolkata Knight Riders,Sunrisers Hyderabad,"Brabourne Stadium, Mumbai",2022
1304072,Lucknow Super Giants,Mumbai Indians,"Brabourne Stadium, Mumbai",2022
1304073,Royal Challengers Bangalore,Delhi Capitals,"Wankhede Stadium, Mumbai",2022
1304074,Punjab Kings,Sunrisers Hyderabad,"Dr DY Patil Sports Academy, Mumbai",2022
1304075,Chennai Super Kings,Gujarat Titans,"Maharashtra Cricket Association Stadium, Pune",2022
1304076,Rajasthan Royals,Kolkata Knight Riders,"Brabourne Stadium, Mumbai",2022
1304077,Royal Challengers Bangalore,Lucknow Super Giants,"Dr DY Patil Sports Academy, Mumbai",2022
1304078,Punjab Kings,Delhi Capitals,"Brabourne Stadium, Mumbai",2022
1304079,Mumbai Indians,Chennai Super Kings,"Dr DY Patil Sports Academy, Mumbai",2022
1304080,Rajasthan Royals,Delhi Capitals,"Wankhede Stadium, Mumbai",2022
1304081,Gujarat Titans,Kolkata Knight Riders,"Dr DY Patil Sports Academy, Mumbai",2022
1304082,Royal Challengers Bangalore,Sunrisers Hyderabad,"Brabourne Stadium, Mumbai",2022
1304083,Lucknow Super Giants,Mumbai Indians,"Wankhede Stadium, Mumbai",2022
1304084,Punjab Kings,Chennai Super Kings,"Wankhede Stadium, Mumbai",2022
1304085,Rajasthan Royals,Royal Challengers Bangalore,"Maharashtra Cricket Association Stadium, Pune",2022
1304086,Sunrisers Hyderabad,Gujarat Titans,"Wankhede Stadium, Mumbai",2022
1304087,Kolkata Knight Riders,Delhi Capitals,"Wankhede Stadium, Mumbai",2022
1304088,Lucknow Super Giants,Punjab Kings,"Maharashtra Cricket Association Stadium, Pune",2022
1304089,Royal Challengers Bangalore,Gujarat Titans,"Brabourne Stadium, Mumbai",2022
1304090,Rajasthan Royals,Mumbai Indians,"Dr DY Patil Sports Academy, Mumbai",2022
1304091,Lucknow Super Giants,Delhi Capitals,"Wankhede Stadium, Mumbai",2022
1304092,Chennai Super Kings,Sunrisers Hyderabad,"Maharashtra Cricket Association Stadium, Pune",2022
1304093,Rajasthan Royals,Kolkata Knight Riders,"Wankhede Stadium, Mumbai",2022
1304094,Gujarat Titans,Punjab Kings,"Dr DY Patil Sports Academy, Mumbai",2022
1304095,Royal Challengers Bangalore,Chennai Super Kings,"Maharashtra Cricket Association Stadium, Pune",2022
1304096,Delhi Capitals,Sunrisers Hyderabad,"Brabourne Stadium, Mumbai",2022
1304097,Mumbai Indians,Gujarat Titans,"Brabourne Stadium, Mumbai",2022
1304098,Punjab Kings,Rajasthan Royals,"Wankhede Stadium, Mumbai",2022
1304099,Lucknow Super Giants,Kolkata Knight Riders,"Maharashtra Cricket Association Stadium, Pune",2022
1304100,Royal Challengers Bangalore,Sunrisers Hyderabad,"Wankhede Stadium, Mumbai",2022
1304101,Chennai Super Kings,Delhi Capitals,"Dr DY Patil Sports Academy, Mumbai",2022
1304102,Kolkata Knight Riders,Mumbai Indians,"Dr DY Patil Sports Academy, Mumbai",2022
1304103,Gujarat Titans,Lucknow Super Giants,"Maharashtra Cricket Association Stadium, Pune",2022
1304104,Rajasthan Royals,Delhi Capitals,"Dr DY Patil Sports Academy, Mumbai",2022
1304105,Chennai Super Kings,Mumbai Indians,"Wankhede Stadium, Mumbai",2022
1304106,Punjab Kings,Royal Challengers Bangalore,"Brabourne Stadium, Mumbai",2022
1304107,Kolkata Knight Riders,Sunrisers Hyderabad,"Maharashtra Cricket Association Stadium, Pune",2022
1304108,Chennai Super Kings,Gujarat Titans,"Wankhede Stadium, Mumbai",2022
1304109,Rajasthan Royals,Lucknow Super Giants,"Brabourne Stadium, Mumbai",2022
1304110,Delhi Capitals,Punjab Kings,"Dr DY Patil Sports Academy, Mumbai",2022
1304111,Sunrisers Hyderabad,Mumbai Indians,"Wankhede Stadium, Mumbai",2022
1304112,Lucknow Super Giants,Kolkata Knight Riders,"Dr DY Patil Sports Academy, Mumbai",2022
1304113,Gujarat Titans,Royal Challengers Bangalore,"Wankhede Stadium, Mumbai",2022
1304114,Chennai Super Kings,Rajasthan Royals,"Brabourne Stadium, Mumbai",2022
1304115,Delhi Capitals,Mumbai Indians,"Wankhede Stadium, Mumbai",2022
1304116,Sunrisers Hyderabad,Punjab Kings,"Wankhede Stadium, Mumbai",2022
1312197,Rajasthan Royals,Gujarat Titans,"Eden Gardens, Kolkata",2022
1312198,Royal Challengers Bangalore,Lucknow Super Giants,"Eden Gardens, Kolkata",2022
1312199,Royal Challengers Bangalore,Rajasthan Royals,"Narendra Modi Stadium, Ahmedabad",2022
1312200,Rajasthan Royals,Gujarat Titans,"Narendra Modi Stadium, Ahmedabad",2022
1359475,Chennai Super Kings,Gujarat Titans,"Narendra Modi Stadium, Ahmedabad",2023
1359476,Punjab Kings,Kolkata Knight Riders,"Punjab Cricket Association IS Bindra Stadium, Mohali, Chandigarh",2023
1359477,Lucknow Super Giants,Delhi Capitals,"Bharat Ratna Shri Atal Bihari Vajpayee Ekana Cricket Stadium, Lucknow",2023
1359478,Rajasthan Royals,Sunrisers Hyderabad,"Rajiv Gandhi International Stadium, Uppal, Hyderabad",2023
1359479,Mumbai Indians,Royal Challengers Bangalore,"M Chinnaswamy Stadium, Bengaluru",2023
1359480,Chennai Super Kings,Lucknow Super Giants,"MA Chidambaram Stadium, Chepauk, Chennai",2023
1359481,Delhi Capitals,Gujarat Titans,"Arun Jaitley Stadium, Delhi",2023
1359482,Punjab Kings,Rajasthan Royals,"Barsapara Cricket Stadium, Guwahati",2023
1359483,Kolkata Knight Riders,Royal Challengers Bangalore,"Eden Gardens, Kolkata",2023
1359484,Sunrisers Hyderabad,Lucknow Super Giants,"Bharat Ratna Shri Atal Bihari Vajpayee Ekana Cricket Stadium, Lucknow",2023
1359485,Rajasthan Royals,Delhi Capitals,"Barsapara Cricket Stadium, Guwahati",2023
1359486,Mumbai Indians,Chennai Super Kings,"Wankhede Stadium, Mumbai",2023
1359487,Gujarat Titans,Kolkata Knight Riders,"Narendra Modi Stadium, Ahmedabad",2023
1359488,Punjab Kings,Sunrisers Hyderabad,"Rajiv Gandhi International Stadium, Uppal, Hyderabad",2023
1359489,Royal Challengers Bangalore,Lucknow Super Giants,"M Chinnaswamy Stadium, Bengaluru",2023
1359490,Delhi Capitals,Mumbai Indians,"Arun Jaitley Stadium, Delhi",2023
1359491,Rajasthan Royals,Chennai Super Kings,"MA Chidambaram Stadium, Chepauk, Chennai",2023
1359492,Punjab Kings,Gujarat Titans,"Punjab Cricket Association IS Bindra Stadium, Mohali, Chandigarh",2023
1359493,Sunrisers Hyderabad,Kolkata Knight Riders,"Eden Gardens, Kolkata",2023
1359494,Royal Challengers Bangalore,Delhi Capitals,"M Chinnaswamy Stadium, Bengaluru",2023
1359495,Lucknow Super Giants,Punjab Kings,"Bharat Ratna Shri Atal Bihari Vajpayee Ekana Cricket Stadium, Lucknow",2023
1359496,Kolkata Knight Riders,Mumbai Indians,"Wankhede Stadium, Mumbai",2023
1359497,Gujarat Titans,Rajasthan Royals,"Narendra Modi Stadium, Ahmedabad",2023
1359498,Chennai Super Kings,Royal Challengers Bangalore,"M Chinnaswamy Stadium, Bengaluru",2023
1359499,Mumbai Indians,Sunrisers Hyderabad,"Rajiv Gandhi International Stadium, Uppal, Hyderabad",2023
1359500,Lucknow Super Giants,Rajasthan Royals,"Sawai Mansingh Stadium, Jaipur",2023
1359501,Royal Challengers Bangalore,Punjab Kings,"Punjab Cricket Association IS Bindra Stadium, Mohali, Chandigarh",2023
1359502,Kolkata Knight Riders,Delhi Capitals,"Arun Jaitley Stadium, Delhi",2023
1359503,Sunrisers Hyderabad,Chennai Super Kings,"MA Chidambaram Stadium, Chepauk, Chennai",2023
1359504,Gujarat Titans,Lucknow Super Giants,"Bharat Ratna Shri Atal Bihari Vajpayee Ekana Cricket Stadium, Lucknow",2023
1359505,Punjab Kings,Mumbai Indians,"Wankhede Stadium, Mumbai",2023
1359506,Royal Challengers Bangalore,Rajasthan Royals,"M Chinnaswamy Stadium, Bengaluru",2023
1359507,Chennai Super Kings,Kolkata Knight Riders,"Eden Gardens, Kolkata",2023
1359508,Delhi Capitals,Sunrisers Hyderabad,"Rajiv Gandhi International Stadium, Uppal, Hyderabad",2023
1359509,Gujarat Titans,Mumbai Indians,"Narendra Modi Stadium, Ahmedabad",2023
1359510,Kolkata Knight Riders,Royal Challengers Bangalore,"M Chinnaswamy Stadium, Bengaluru",2023
1359511,Rajasthan Royals,Chennai Super Kings,"Sawai Mansingh Stadium, Jaipur",2023
1359512,Lucknow Super Giants,Punjab Kings,"Punjab Cricket Association IS Bindra Stadium, Mohali, Chandigarh",2023
1359513,Kolkata Knight Riders,Gujarat Titans,"Eden Gardens, Kolkata",2023
1359514,Sunrisers Hyderabad,Delhi Capitals,"Arun Jaitley Stadium, Delhi",2023
1359515,Chennai Super Kings,Punjab Kings,"MA Chidambaram Stadium, Chepauk, Chennai",2023
1359516,Rajasthan Royals,Mumbai Indians,"Wankhede Stadium, Mumbai",2023
1359517,Royal Challengers Bangalore,Lucknow Super Giants,"Bharat Ratna Shri Atal Bihari Vajpayee Ekana Cricket Stadium, Lucknow",2023
1359518,Delhi Capitals,Gujarat Titans,"Narendra Modi Stadium, Ahmedabad",2023
1359519,Lucknow Super Giants,Chennai Super Kings,"Bharat Ratna Shri Atal Bihari Vajpayee Ekana Cricket Stadium, Lucknow",2023
1359520,Punjab Kings,Mumbai Indians,"Punjab Cricket Association IS Bindra Stadium, Mohali, Chandigarh",2023
1359521,Kolkata Knight Riders,Sunrisers Hyderabad,"Rajiv Gandhi International Stadium, Uppal, Hyderabad",2023
1359522,Rajasthan Royals,Gujarat Titans,"Sawai Mansingh Stadium, Jaipur",2023
1359523,Mumbai Indians,Chennai Super Kings,"MA Chidambaram Stadium, Chepauk, Chennai",2023
1359524,Royal Challengers Bangalore,Delhi Capitals,"Arun Jaitley Stadium, Delhi",2023
1359525,Gujarat Titans,Lucknow Super Giants,"Narendra Modi Stadium, Ahmedabad",2023
1359526,Rajasthan Royals,Sunrisers Hyderabad,"Sawai Mansingh Stadium, Jaipur",2023
1359527,Punjab Kings,Kolkata Knight Riders,"Eden Gardens, Kolkata",2023
1359528,Royal Challengers Bangalore,Mumbai Indians,"Wankhede Stadium, Mumbai",2023
1359529,Chennai Super Kings,Delhi Capitals,"MA Chidambaram Stadium, Chepauk, Chennai",2023
1359530,Kolkata Knight Riders,Rajasthan Royals,"Eden Gardens, Kolkata",2023
1359531,Mumbai Indians,Gujarat Titans,"Wankhede Stadium, Mumbai",2023
1359532,Sunrisers Hyderabad,Lucknow Super Giants,"Rajiv Gandhi International Stadium, Uppal, Hyderabad",2023
1359533,Punjab Kings,Delhi Capitals,"Arun Jaitley Stadium, Delhi",2023
1359534,Royal Challengers Bangalore,Rajasthan Royals,"Sawai Mansingh Stadium, Jaipur",2023
1359535,Chennai Super Kings,Kolkata Knight Riders,"MA Chidambaram Stadium, Chepauk, Chennai",2023
1359536,Gujarat Titans,Sunrisers Hyderabad,"Narendra Modi Stadium, Ahmedabad",2023
1359537,Lucknow Super Giants,Mumbai Indians,"Bharat Ratna Shri Atal Bihari Vajpayee Ekana Cricket Stadium, Lucknow",2023
1359538,Delhi Capitals,Punjab Kings,"Himachal Pradesh Cricket Association Stadium, Dharamsala",2023
1359539,Sunrisers Hyderabad,Royal Challengers Bangalore,"Rajiv Gandhi International Stadium, Uppal, Hyderabad",2023
1359540,Punjab Kings,Rajasthan Royals,"Himachal Pradesh Cricket Association Stadium, Dharamsala",2023
1359541,Chennai Super Kings,Delhi Capitals,"Arun Jaitley Stadium, Delhi",2023
1359542,Lucknow Super Giants,Kolkata Knight Riders,"Eden Gardens, Kolkata",2023
1359543,Sunrisers Hyderabad,Mumbai Indians,"Wankhede Stadium, Mumbai",2023
1359544,Royal Challengers Bangalore,Gujarat Titans,"M Chinnaswamy Stadium, Bengaluru",2023
1370350,Chennai Super Kings,Gujarat Titans,"MA Chidambaram Stadium, Chepauk, Chennai",2023
1370351,Mumbai Indians,Lucknow Super Giants,"MA Chidambaram Stadium, Chepauk, Chennai",2023
1370352,Gujarat Titans,Mumbai Indians,"Narendra Modi Stadium, Ahmedabad",2023
1370353,Gujarat Titans,Chennai Super Kings,"Narendra Modi Stadium, Ahmedabad",2023
1422119,Royal Challengers Bengaluru,Chennai Super Kings,"MA Chidambaram Stadium, Chepauk, Chennai",2024
1422120,Delhi Capitals,Punjab Kings,"Maharaja Yadavindra Singh International Cricket Stadium, Mullanpur",2024
1422121,Kolkata Knight Riders,Sunrisers Hyderabad,"Eden Gardens, Kolkata",2024
1422122,Rajasthan Royals,Lucknow Super Giants,"Sawai Mansingh Stadium, Jaipur",2024
1422123,Gujarat Titans,Mumbai Indians,"Narendra Modi Stadium, Ahmedabad",2024
1422124,Punjab Kings,Royal Challengers Bengaluru,"M Chinnaswamy Stadium, Bengaluru",2024
1422125,Chennai Super Kings,Gujarat Titans,"MA Chidambaram Stadium, Chepauk, Chennai",2024
1422126,Sunrisers Hyderabad,Mumbai Indians,"Rajiv Gandhi International Stadium, Uppal, Hyderabad",2024
1422127,Rajasthan Royals,Delhi Capitals,"Sawai Mansingh Stadium, Jaipur",2024
1422128,Royal Challengers Bengaluru,Kolkata Knight Riders,"M Chinnaswamy Stadium, Bengaluru",2024
1422129,Lucknow Super Giants,Punjab Kings,"Bharat Ratna Shri Atal Bihari Vajpayee Ekana Cricket Stadium, Lucknow",2024
1422130,Sunrisers Hyderabad,Gujarat Titans,"Narendra Modi Stadium, Ahmedabad",2024
1422131,Delhi Capitals,Chennai Super Kings,"Dr. Y.S. Rajasekhara Reddy ACA-VDCA Cricket Stadium, Visakhapatnam",2024
1422132,Mumbai Indians,Rajasthan Royals,"Wankhede Stadium, Mumbai",2024
1422133,Lucknow Super Giants,Royal Challengers Bengaluru,"M Chinnaswamy Stadium, Bengaluru",2024
1422134,Kolkata Knight Riders,Delhi Capitals,"Dr. Y.S. Rajasekhara Reddy ACA-VDCA Cricket Stadium, Visakhapatnam",2024
1422135,Gujarat Titans,Punjab Kings,"Narendra Modi Stadium, Ahmedabad",2024
1422136,Chennai Super Kings,Sunrisers Hyderabad,"Rajiv Gandhi International Stadium, Uppal, Hyderabad",2024
1422137,Royal Challengers Bengaluru,Rajasthan Royals,"Sawai Mansingh Stadium, Jaipur",2024
1422138,Mumbai Indians,Delhi Capitals,"Wankhede Stadium, Mumbai",2024
1422139,Lucknow Super Giants,Gujarat Titans,"Bharat Ratna Shri Atal Bihari Vajpayee Ekana Cricket Stadium, Lucknow",2024
1426260,Kolkata Knight Riders,Chennai Super Kings,"MA Chidambaram Stadium, Chepauk, Chennai",2024
1426261,Sunrisers Hyderabad,Punjab Kings,"Maharaja Yadavindra Singh International Cricket Stadium, Mullanpur",2024
1426262,Rajasthan Royals,Gujarat Titans,"Sawai Mansingh Stadium, Jaipur",2024
1426263,Royal Challengers Bengaluru,Mumbai Indians,"Wankhede Stadium, Mumbai",2024
1426264,Lucknow Super Giants,Delhi Capitals,"Bharat Ratna Shri Atal Bihari Vajpayee Ekana Cricket Stadium, Lucknow",2024
1426265,Punjab Kings,Rajasthan Royals,"Maharaja Yadavindra Singh International Cricket Stadium, Mullanpur",2024
1426266,Lucknow Super Giants,Kolkata Knight Riders,"Eden Gardens, Kolkata",2024
1426267,Chennai Super Kings,Mumbai Indians,"Wankhede Stadium, Mumbai",2024
1426268,Sunrisers Hyderabad,Royal Challengers Bengaluru,"M Chinnaswamy Stadium, Bengaluru",2024
1426269,Kolkata Knight Riders,Rajasthan Royals,"Eden Gardens, Kolkata",2024
1426270,Gujarat Titans,Delhi Capitals,"Narendra Modi Stadium, Ahmedabad",2024
1426271,Mumbai Indians,Punjab Kings,"Maharaja Yadavindra Singh International Cricket Stadium, Mullanpur",2024
1426272,Chennai Super Kings,Lucknow Super Giants,"Bharat Ratna Shri Atal Bihari Vajpayee Ekana Cricket Stadium, Lucknow",2024
1426273,Sunrisers Hyderabad,Delhi Capitals,"Arun Jaitley Stadium, Delhi",2024
1426274,Kolkata Knight Riders,Royal Challengers Bengaluru,"Eden Gardens, Kolkata",2024
1426275,Punjab Kings,Gujarat Titans,"Maharaja Yadavindra Singh International Cricket Stadium, Mullanpur",2024
1426276,Mumbai Indians,Rajasthan Royals,"Sawai Mansingh Stadium, Jaipur",2024
1426277,Chennai Super Kings,Lucknow Super Giants,"MA Chidambaram Stadium, Chepauk, Chennai",2024
1426278,Delhi Capitals,Gujarat Titans,"Arun Jaitley Stadium, Delhi",2024
1426279,Royal Challengers Bengaluru,Sunrisers Hyderabad,"Rajiv Gandhi International Stadium, Uppal, Hyderabad",2024
1426280,Kolkata Knight Riders,Punjab Kings,"Eden Gardens, Kolkata",2024
1426281,Delhi Capitals,Mumbai Indians,"Arun Jaitley Stadium, Delhi",2024
1426282,Lucknow Super Giants,Rajasthan Royals,"Bharat Ratna Shri Atal Bihari Vajpayee Ekana Cricket Stadium, Lucknow",2024
1426283,Gujarat Titans,Royal Challengers Bengaluru,"Narendra Modi Stadium, Ahmedabad",2024
1426284,Chennai Super Kings,Sunrisers Hyderabad,"MA Chidambaram Stadium, Chepauk, Chennai",2024
1426285,Delhi Capitals,Kolkata Knight Riders,"Eden Gardens, Kolkata",2024
1426286,Mumbai Indians,Lucknow Super Giants,"Bharat Ratna Shri Atal Bihari Vajpayee Ekana Cricket Stadium, Lucknow",2024
1426287,Chennai Super Kings,Punjab Kings,"MA Chidambaram Stadium, Chepauk, Chennai",2024
1426288,Sunrisers Hyderabad,Rajasthan Royals,"Rajiv Gandhi International Stadium, Uppal, Hyderabad",2024
1426289,Kolkata Knight Riders,Mumbai Indians,"Wankhede Stadium, Mumbai",2024
1426290,Gujarat Titans,Royal Challengers Bengaluru,"M Chinnaswamy Stadium, Bengaluru",2024
1426291,Chennai Super Kings,Punjab Kings,"Himachal Pradesh Cricket Association Stadium, Dharamsala",2024
1426292,Kolkata Knight Riders,Lucknow Super Giants,"Bharat Ratna Shri Atal Bihari Vajpayee Ekana Cricket Stadium, Lucknow",2024
1426293,Sunrisers Hyderabad,Mumbai Indians,"Wankhede Stadium, Mumbai",2024
1426294,Delhi Capitals,Rajasthan Royals,"Arun Jaitley Stadium, Delhi",2024
1426295,Lucknow Super Giants,Sunrisers Hyderabad,"Rajiv Gandhi International Stadium, Uppal, Hyderabad",2024
1426296,Royal Challengers Bengaluru,Punjab Kings,"Himachal Pradesh Cricket Association Stadium, Dharamsala",2024
1426297,Gujarat Titans,Chennai Super Kings,"Narendra Modi Stadium, Ahmedabad",2024
1426298,Kolkata Knight Riders,Mumbai Indians,"Eden Gardens, Kolkata",2024
1426299,Rajasthan Royals,Chennai Super Kings,"MA Chidambaram Stadium, Chepauk, Chennai",2024
1426300,Royal Challengers Bengaluru,Delhi Capitals,"M Chinnaswamy Stadium, Bengaluru",2024
1426302,Delhi Capitals,Lucknow Super Giants,"Arun Jaitley Stadium, Delhi",2024
1426303,Rajasthan Royals,Punjab Kings,"Barsapara Cricket Stadium, Guwahati",2024
1426305,Lucknow Super Giants,Mumbai Indians,"Wankhede Stadium, Mumbai",2024
1426306,Royal Challengers Bengaluru,Chennai Super Kings,"M Chinnaswamy Stadium, Bengaluru",2024
1426307,Punjab Kings,Sunrisers Hyderabad,"Rajiv Gandhi International Stadium, Uppal, Hyderabad",2024
1426309,Sunrisers Hyderabad,Kolkata Knight Riders,"Narendra Modi Stadium, Ahmedabad",2024
1426310,Royal Challengers Bengaluru,Rajasthan Royals,"Narendra Modi Stadium, Ahmedabad",2024
1426311,Sunrisers Hyderabad,Rajasthan Royals,"MA Chidambaram Stadium, Chepauk, Chennai",2024
1426312,Sunrisers Hyderabad,Kolkata Knight Riders,"MA Chidambaram Stadium, Chepauk, Chennai",2024
1473438,Kolkata Knight Riders,Royal Challengers Bengaluru,"Eden Gardens, Kolkata",2025
1473439,Sunrisers Hyderabad,Rajasthan Royals,"Rajiv Gandhi International Stadium, Uppal, Hyderabad",2025
1473440,Mumbai Indians,Chennai Super Kings,"MA Chidambaram Stadium, Chepauk, Chennai",2025
1473441,Lucknow Super Giants,Delhi Capitals,"Dr. Y.S. Rajasekhara Reddy ACA-VDCA Cricket Stadium, Visakhapatnam",2025
1473442,Punjab Kings,Gujarat Titans,"Narendra Modi Stadium, Ahmedabad",2025
1473443,Rajasthan Royals,Kolkata Knight Riders,"Barsapara Cricket Stadium, Guwahati",2025
1473444,Sunrisers Hyderabad,Lucknow Super Giants,"Rajiv Gandhi International Stadium, Uppal, Hyderabad",2025
1473445,Royal Challengers Bengaluru,Chennai Super Kings,"MA Chidambaram Stadium, Chepauk, Chennai",2025
1473446,Gujarat Titans,Mumbai Indians,"Narendra Modi Stadium, Ahmedabad",2025
1473447,Sunrisers Hyderabad,Delhi Capitals,"Dr. Y.S. Rajasekhara Reddy ACA-VDCA Cricket Stadium, Visakhapatnam",2025
1473448,Rajasthan Royals,Chennai Super Kings,"Barsapara Cricket Stadium, Guwahati",2025
1473449,Kolkata Knight Riders,Mumbai Indians,"Wankhede Stadium, Mumbai",2025
1473450,Lucknow Super Giants,Punjab Kings,"Bharat Ratna Shri Atal Bihari Vajpayee Ekana Cricket Stadium, Lucknow",2025
1473451,Royal Challengers Bengaluru,Gujarat Titans,"M Chinnaswamy Stadium, Bengaluru",2025
1473452,Kolkata Knight Riders,Sunrisers Hyderabad,"Eden Gardens, Kolkata",2025
1473453,Lucknow Super Giants,Mumbai Indians,"Bharat Ratna Shri Atal Bihari Vajpayee Ekana Cricket Stadium, Lucknow",2025
1473454,Delhi Capitals,Chennai Super Kings,"MA Chidambaram Stadium, Chepauk, Chennai",2025
1473455,Rajasthan Royals,Punjab Kings,"Maharaja Yadavindra Singh International Cricket Stadium, Mullanpur",2025
1473456,Lucknow Super Giants,Kolkata Knight Riders,"Eden Gardens, Kolkata",2025
1473457,Sunrisers Hyderabad,Gujarat Titans,"Rajiv Gandhi International Stadium, Uppal, Hyderabad",2025
1473458,Royal Challengers Bengaluru,Mumbai Indians,"Wankhede Stadium, Mumbai",2025
1473459,Punjab Kings,Chennai Super Kings,"Maharaja Yadavindra Singh International Cricket Stadium, Mullanpur",2025
1473460,Gujarat Titans,Rajasthan Royals,"Narendra Modi Stadium, Ahmedabad",2025
1473461,Royal Challengers Bengaluru,Delhi Capitals,"M Chinnaswamy Stadium, Bengaluru",2025
1473462,Chennai Super Kings,Kolkata Knight Riders,"MA Chidambaram Stadium, Chepauk, Chennai",2025
1473463,Gujarat Titans,Lucknow Super Giants,"Bharat Ratna Shri Atal Bihari Vajpayee Ekana Cricket Stadium, Lucknow",2025
1473464,Punjab Kings,Sunrisers Hyderabad,"Rajiv Gandhi International Stadium, Uppal, Hyderabad",2025
1473465,Rajasthan Royals,Royal Challengers Bengaluru,"Sawai Mansingh Stadium, Jaipur",2025
1473466,Mumbai Indians,Delhi Capitals,"Arun Jaitley Stadium, Delhi",2025
1473467,Lucknow Super Giants,Chennai Super Kings,"Bharat Ratna Shri Atal Bihari Vajpayee Ekana Cricket Stadium, Lucknow",2025
1473468,Punjab Kings,Kolkata Knight Riders,"Maharaja Yadavindra Singh International Cricket Stadium, Mullanpur",2025
1473469,Delhi Capitals,Rajasthan Royals,"Arun Jaitley Stadium, Delhi",2025
1473470,Sunrisers Hyderabad,Mumbai Indians,"Wankhede Stadium, Mumbai",2025
1473471,Royal Challengers Bengaluru,Punjab Kings,"M Chinnaswamy Stadium, Bengaluru",2025
1473472,Delhi Capitals,Gujarat Titans,"Narendra Modi Stadium, Ahmedabad",2025
1473473,Lucknow Super Giants,Rajasthan Royals,"Sawai Mansingh Stadium, Jaipur",2025
1473474,Punjab Kings,Royal Challengers Bengaluru,"Maharaja Yadavindra Singh International Cricket Stadium, Mullanpur",2025
1473475,Chennai Super Kings,Mumbai Indians,"Wankhede Stadium, Mumbai",2025
1473476,Gujarat Titans,Kolkata Knight Riders,"Eden Gardens, Kolkata",2025
1473477,Lucknow Super Giants,Delhi Capitals,"Bharat Ratna Shri Atal Bihari Vajpayee Ekana Cricket Stadium, Lucknow",2025
1473478,Sunrisers Hyderabad,Mumbai Indians,"Rajiv Gandhi International Stadium, Uppal, Hyderabad",2025
1473479,Royal Challengers Bengaluru,Rajasthan Royals,"M Chinnaswamy Stadium, Bengaluru",2025
1473480,Chennai Super Kings,Sunrisers Hyderabad,"MA Chidambaram Stadium, Chepauk, Chennai",2025
1473481,Punjab Kings,Kolkata Knight Riders,"Eden Gardens, Kolkata",2025
1473482,Mumbai Indians,Lucknow Super Giants,"Wankhede Stadium, Mumbai",2025
1473483,Delhi Capitals,Royal Challengers Bengaluru,"Arun Jaitley Stadium, Delhi",2025
1473484,Gujarat Titans,Rajasthan Royals,"Sawai Mansingh Stadium, Jaipur",2025
1473485,Kolkata Knight Riders,Delhi Capitals,"Arun Jaitley Stadium, Delhi",2025
1473486,Chennai Super Kings,Punjab Kings,"MA Chidambaram Stadium, Chepauk, Chennai",2025
1473487,Mumbai Indians,Rajasthan Royals,"Sawai Mansingh Stadium, Jaipur",2025
1473488,Gujarat Titans,Sunrisers Hyderabad,"Narendra Modi Stadium, Ahmedabad",2025
1473489,Royal Challengers Bengaluru,Chennai Super Kings,"M Chinnaswamy Stadium, Bengaluru",2025
1473490,Kolkata Knight Riders,Rajasthan Royals,"Eden Gardens, Kolkata",2025
1473491,Punjab Kings,Lucknow Super Giants,"Himachal Pradesh Cricket Association Stadium, Dharamsala",2025
1473492,Delhi Capitals,Sunrisers Hyderabad,"Rajiv Gandhi International Stadium, Uppal, Hyderabad",2025
1473493,Mumbai Indians,Gujarat Titans,"Wankhede Stadium, Mumbai",2025
1473494,Kolkata Knight Riders,Chennai Super Kings,"Eden Gardens, Kolkata",2025
1473495,Punjab Kings,Delhi Capitals,"Himachal Pradesh Cricket Association Stadium, Dharamsala",2025
1473497,Punjab Kings,Rajasthan Royals,"Sawai Mansingh Stadium, Jaipur",2025
1473498,Delhi Capitals,Gujarat Titans,"Arun Jaitley Stadium, Delhi",2025
1473499,Lucknow Super Giants,Sunrisers Hyderabad,"Bharat Ratna Shri Atal Bihari Vajpayee Ekana Cricket Stadium, Lucknow",2025
1473500,Chennai Super Kings,Rajasthan Royals,"Arun Jaitley Stadium, Delhi",2025
1473501,Mumbai Indians,Delhi Capitals,"Wankhede Stadium, Mumbai",2025
1473502,Lucknow Super Giants,Gujarat Titans,"Narendra Modi Stadium, Ahmedabad",2025
1473503,Sunrisers Hyderabad,Royal Challengers Bengaluru,"Bharat Ratna Shri Atal Bihari Vajpayee Ekana Cricket Stadium, Lucknow",2025
1473504,Chennai Super Kings,Gujarat Titans,"Narendra Modi Stadium, Ahmedabad",2025
1473505,Sunrisers Hyderabad,Kolkata Knight Riders,"Arun Jaitley Stadium, Delhi",2025
1473506,Mumbai Indians,Punjab Kings,"Sawai Mansingh Stadium, Jaipur",2025
1473507,Lucknow Super Giants,Royal Challengers Bengaluru,"Bharat Ratna Shri Atal Bihari Vajpayee Ekana Cricket Stadium, Lucknow",2025
1473508,Punjab Kings,Royal Challengers Bengaluru,"Maharaja Yadavindra Singh International Cricket Stadium, Mullanpur",2025
1473509,Mumbai Indians,Gujarat Titans,"Maharaja Yadavindra Singh International Cricket Stadium, New Chandigarh",2025
1473510,Mumbai Indians,Punjab Kings,"Narendra Modi Stadium, Ahmedabad",2025
1473511,Royal Challengers Bengaluru,Punjab Kings,"Narendra Modi Stadium, Ahmedabad",2025
1485779,Punjab Kings,Delhi Capitals,"Sawai Mansingh Stadium, Jaipur",2025
335982,Royal Challengers Bangalore,Kolkata Knight Riders,M Chinnaswamy Stadium,2007/08
335983,Kings XI Punjab,Chennai Super Kings,"Punjab Cricket Association Stadium, Mohali",2007/08
335984,Delhi Daredevils,Rajasthan Royals,Feroz Shah Kotla,2007/08
335985,Mumbai Indians,Royal Challengers Bangalore,Wankhede Stadium,2007/08
335986,Kolkata Knight Riders,Deccan Chargers,Eden Gardens,2007/08
335987,Rajasthan Royals,Kings XI Punjab,Sawai Mansingh Stadium,2007/08
335988,Deccan Chargers,Delhi Daredevils,"Rajiv Gandhi International Stadium, Uppal",2007/08
335989,Chennai Super Kings,Mumbai Indians,"MA Chidambaram Stadium, Chepauk",2007/08
335990,Deccan Chargers,Rajasthan Royals,"Rajiv Gandhi International Stadium, Uppal",2007/08
335991,Kings XI Punjab,Mumbai Indians,"Punjab Cricket Association Stadium, Mohali",2007/08
335992,Royal Challengers Bangalore,Rajasthan Royals,M Chinnaswamy Stadium,2007/08
335993,Chennai Super Kings,Kolkata Knight Riders,"MA Chidambaram Stadium, Chepauk",2007/08
335994,Mumbai Indians,Deccan Chargers,Dr DY Patil Sports Academy,2007/08
335995,Kings XI Punjab,Delhi Daredevils,"Punjab Cricket Association Stadium, Mohali",2007/08
335996,Royal Challengers Bangalore,Chennai Super Kings,M Chinnaswamy Stadium,2007/08
335997,Kolkata Knight Riders,Mumbai Indians,Eden Gardens,2007/08
335998,Delhi Daredevils,Royal Challengers Bangalore,Feroz Shah Kotla,2007/08
335999,Deccan Chargers,Kings XI Punjab,"Rajiv Gandhi International Stadium, Uppal",2007/08
336000,Rajasthan Royals,Kolkata Knight Riders,Sawai Mansingh Stadium,2007/08
336001,Chennai Super Kings,Delhi Daredevils,"MA Chidambaram Stadium, Chepauk",2007/08
336002,Deccan Chargers,Royal Challengers Bangalore,"Rajiv Gandhi International Stadium, Uppal",2007/08
336003,Kings XI Punjab,Kolkata Knight Riders,"Punjab Cricket Association Stadium, Mohali",2007/08
336004,Mumbai Indians,Delhi Daredevils,Dr DY Patil Sports Academy,2007/08
336005,Rajasthan Royals,Chennai Super Kings,Sawai Mansingh Stadium,2007/08
336006,Royal Challengers Bangalore,Kings XI Punjab,M Chinnaswamy Stadium,2007/08
336007,Chennai Super Kings,Deccan Chargers,"MA Chidambaram Stadium, Chepauk",2007/08
336008,Mumbai Indians,Rajasthan Royals,Dr DY Patil Sports Academy,2007/08
336009,Delhi Daredevils,Chennai Super Kings,Feroz Shah Kotla,2007/08
336010,Kolkata Knight Riders,Royal Challengers Bangalore,Eden Gardens,2007/08
336011,Rajasthan Royals,Deccan Chargers,Sawai Mansingh Stadium,2007/08
336012,Royal Challengers Bangalore,Mumbai Indians,M Chinnaswamy Stadium,2007/08
336013,Chennai Super Kings,Kings XI Punjab,"MA Chidambaram Stadium, Chepauk",2007/08
336014,Deccan Chargers,Kolkata Knight Riders,"Rajiv Gandhi International Stadium, Uppal",2007/08
336015,Rajasthan Royals,Delhi Daredevils,Sawai Mansingh Stadium,2007/08
336016,Kings XI Punjab,Royal Challengers Bangalore,"Punjab Cricket Association Stadium, Mohali",2007/08
336017,Kolkata Knight Riders,Delhi Daredevils,Eden Gardens,2007/08
336018,Mumbai Indians,Chennai Super Kings,Wankhede Stadium,2007/08
336019,Kings XI Punjab,Rajasthan Royals,"Punjab Cricket Association Stadium, Mohali",2007/08
336020,Delhi Daredevils,Deccan Chargers,Feroz Shah Kotla,2007/08
336021,Mumbai Indians,Kolkata Knight Riders,Wankhede Stadium,2007/08
336022,Delhi Daredevils,Kings XI Punjab,Feroz Shah Kotla,2007/08
336023,Rajasthan Royals,Royal Challengers Bangalore,Sawai Mansingh Stadium,2007/08
336024,Deccan Chargers,Mumbai Indians,"Rajiv Gandhi International Stadium, Uppal",2007/08
336025,Kolkata Knight Riders,Chennai Super Kings,Eden Gardens,2007/08
336026,Royal Challengers Bangalore,Delhi Daredevils,M Chinnaswamy Stadium,2007/08
336027,Kolkata Knight Riders,Rajasthan Royals,Eden Gardens,2007/08
336028,Mumbai Indians,Kings XI Punjab,Wankhede Stadium,2007/08
336029,Chennai Super Kings,Royal Challengers Bangalore,"MA Chidambaram Stadium, Chepauk",2007/08
336031,Kings XI Punjab,Deccan Chargers,"Punjab Cricket Association Stadium, Mohali",2007/08
336032,Delhi Daredevils,Mumbai Indians,Feroz Shah Kotla,2007/08
336033,Chennai Super Kings,Rajasthan Royals,"MA Chidambaram Stadium, Chepauk",2007/08
336034,Royal Challengers Bangalore,Deccan Chargers,M Chinnaswamy Stadium,2007/08
336035,Kolkata Knight Riders,Kings XI Punjab,Eden Gardens,2007/08
336036,Rajasthan Royals,Mumbai Indians,Sawai Mansingh Stadium,2007/08
336037,Deccan Chargers,Chennai Super Kings,"Rajiv Gandhi International Stadium, Uppal",2007/08
336038,Delhi Daredevils,Rajasthan Royals,Wankhede Stadium,2007/08
336039,Chennai Super Kings,Kings XI Punjab,Wankhede Stadium,2007/08
336040,Chennai Super Kings,Rajasthan Royals,Dr DY Patil Sports Academy,2007/08
392181,Chennai Super Kings,Mumbai Indians,Newlands,2009
392182,Royal Challengers Bangalore,Rajasthan Royals,Newlands,2009
392183,Delhi Daredevils,Kings XI Punjab,Newlands,2009
392184,Deccan Chargers,Kolkata Knight Riders,Newlands,2009
392185,Royal Challengers Bangalore,Chennai Super Kings,St George's Park,2009
392186,Kings XI Punjab,Kolkata Knight Riders,Kingsmead,2009
392188,Royal Challengers Bangalore,Deccan Chargers,Newlands,2009
392189,Chennai Super Kings,Delhi Daredevils,Kingsmead,2009
392190,Kolkata Knight Riders,Rajasthan Royals,Newlands,2009
392191,Royal Challengers Bangalore,Kings XI Punjab,Kingsmead,2009
392192,Deccan Chargers,Mumbai Indians,Kingsmead,2009
392194,Royal Challengers Bangalore,Delhi Daredevils,St George's Park,2009
392195,Kings XI Punjab,Rajasthan Royals,Newlands,2009
392196,Chennai Super Kings,Deccan Chargers,Kingsmead,2009
392197,Kolkata Knight Riders,Mumbai Indians,St George's Park,2009
392198,Delhi Daredevils,Rajasthan Royals,SuperSport Park,2009
392199,Royal Challengers Bangalore,Kolkata Knight Riders,Kingsmead,2009
392200,Kings XI Punjab,Mumbai Indians,Kingsmead,2009
392201,Deccan Chargers,Delhi Daredevils,SuperSport Park,2009
392202,Chennai Super Kings,Rajasthan Royals,SuperSport Park,2009
392203,Kolkata Knight Riders,Mumbai Indians,Buffalo Park,2009
392204,Royal Challengers Bangalore,Kings XI Punjab,Kingsmead,2009
392205,Deccan Chargers,Rajasthan Royals,St George's Park,2009
392206,Chennai Super Kings,Delhi Daredevils,New Wanderers Stadium,2009
392207,Kings XI Punjab,Kolkata Knight Riders,St George's Park,2009
392208,Royal Challengers Bangalore,Mumbai Indians,New Wanderers Stadium,2009
392209,Chennai Super Kings,Deccan Chargers,Buffalo Park,2009
392210,Kings XI Punjab,Rajasthan Royals,Kingsmead,2009
392211,Delhi Daredevils,Kolkata Knight Riders,Kingsmead,2009
392212,Deccan Chargers,Mumbai Indians,SuperSport Park,2009
392213,Royal Challengers Bangalore,Rajasthan Royals,SuperSport Park,2009
392214,Chennai Super Kings,Kings XI Punjab,SuperSport Park,2009
392215,Delhi Daredevils,Mumbai Indians,Buffalo Park,2009
392216,Deccan Chargers,Kings XI Punjab,De Beers Diamond Oval,2009
392217,Chennai Super Kings,Rajasthan Royals,De Beers Diamond Oval,2009
392218,Royal Challengers Bangalore,Mumbai Indians,St George's Park,2009
392219,Delhi Daredevils,Kolkata Knight Riders,New Wanderers Stadium,2009
392220,Deccan Chargers,Rajasthan Royals,De Beers Diamond Oval,2009
392221,Royal Challengers Bangalore,Kolkata Knight Riders,SuperSport Park,2009
392222,Kings XI Punjab,Mumbai Indians,SuperSport Park,2009
392223,Deccan Chargers,Delhi Daredevils,Kingsmead,2009
392224,Royal Challengers Bangalore,Chennai Super Kings,Kingsmead,2009
392225,Mumbai Indians,Rajasthan Royals,Kingsmead,2009
392226,Delhi Daredevils,Kings XI Punjab,OUTsurance Oval,2009
392227,Chennai Super Kings,Mumbai Indians,St George's Park,2009
392228,Deccan Chargers,Kolkata Knight Riders,New Wanderers Stadium,2009
392229,Deccan Chargers,Kings XI Punjab,New Wanderers Stadium,2009
392230,Delhi Daredevils,Rajasthan Royals,OUTsurance Oval,2009
392231,Chennai Super Kings,Kolkata Knight Riders,SuperSport Park,2009
392232,Royal Challengers Bangalore,Delhi Daredevils,New Wanderers Stadium,2009
392233,Kolkata Knight Riders,Rajasthan Royals,Kingsmead,2009
392234,Chennai Super Kings,Kings XI Punjab,Kingsmead,2009
392235,Delhi Daredevils,Mumbai Indians,SuperSport Park,2009
392236,Royal Challengers Bangalore,Deccan Chargers,SuperSport Park,2009
392237,Delhi Daredevils,Deccan Chargers,SuperSport Park,2009
392238,Royal Challengers Bangalore,Chennai Super Kings,New Wanderers Stadium,2009
392239,Royal Challengers Bangalore,Deccan Chargers,New Wanderers Stadium,2009
419106,Deccan Chargers,Kolkata Knight Riders,Dr DY Patil Sports Academy,2009/10
419107,Mumbai Indians,Rajasthan Royals,Brabourne Stadium,2009/10
419108,Kings XI Punjab,Delhi Daredevils,"Punjab Cricket Association Stadium, Mohali",2009/10
419109,Kolkata Knight Riders,Royal Challengers Bangalore,Eden Gardens,2009/10
419110,Chennai Super Kings,Deccan Chargers,"MA Chidambaram Stadium, Chepauk",2009/10
419111,Rajasthan Royals,Delhi Daredevils,"Sardar Patel Stadium, Motera",2009/10
419112,Royal Challengers Bangalore,Kings XI Punjab,M Chinnaswamy Stadium,2009/10
419113,Kolkata Knight Riders,Chennai Super Kings,Eden Gardens,2009/10
419114,Delhi Daredevils,Mumbai Indians,Feroz Shah Kotla,2009/10
419115,Royal Challengers Bangalore,Rajasthan Royals,M Chinnaswamy Stadium,2009/10
419116,Delhi Daredevils,Chennai Super Kings,Feroz Shah Kotla,2009/10
419117,Deccan Chargers,Kings XI Punjab,Barabati Stadium,2009/10
419118,Rajasthan Royals,Kolkata Knight Riders,"Sardar Patel Stadium, Motera",2009/10
419119,Mumbai Indians,Royal Challengers Bangalore,Brabourne Stadium,2009/10
419120,Deccan Chargers,Delhi Daredevils,Barabati Stadium,2009/10
419121,Chennai Super Kings,Kings XI Punjab,"MA Chidambaram Stadium, Chepauk",2009/10
419122,Mumbai Indians,Kolkata Knight Riders,Brabourne Stadium,2009/10
419123,Royal Challengers Bangalore,Chennai Super Kings,M Chinnaswamy Stadium,2009/10
419124,Kings XI Punjab,Rajasthan Royals,"Punjab Cricket Association Stadium, Mohali",2009/10
419125,Chennai Super Kings,Mumbai Indians,"Brabourne Stadium, Mumbai",2009/10
419126,Rajasthan Royals,Deccan Chargers,"Sardar Patel Stadium, Motera",2009/10
419127,Kings XI Punjab,Kolkata Knight Riders,"Punjab Cricket Association Stadium, Mohali",2009/10
419128,Royal Challengers Bangalore,Delhi Daredevils,M Chinnaswamy Stadium,2009/10
419129,Rajasthan Royals,Chennai Super Kings,"Sardar Patel Stadium, Motera",2009/10
419130,Deccan Chargers,Mumbai Indians,Dr DY Patil Sports Academy,2009/10
419131,Delhi Daredevils,Kolkata Knight Riders,Feroz Shah Kotla,2009/10
419132,Mumbai Indians,Kings XI Punjab,Brabourne Stadium,2009/10
419133,Chennai Super Kings,Royal Challengers Bangalore,"MA Chidambaram Stadium, Chepauk",2009/10
419134,Delhi Daredevils,Rajasthan Royals,Feroz Shah Kotla,2009/10
419135,Kolkata Knight Riders,Deccan Chargers,Eden Gardens,2009/10
419136,Kings XI Punjab,Royal Challengers Bangalore,"Punjab Cricket Association Stadium, Mohali",2009/10
419137,Chennai Super Kings,Rajasthan Royals,"MA Chidambaram Stadium, Chepauk",2009/10
419138,Mumbai Indians,Deccan Chargers,Brabourne Stadium,2009/10
419139,Kolkata Knight Riders,Kings XI Punjab,Eden Gardens,2009/10
419140,Delhi Daredevils,Royal Challengers Bangalore,Feroz Shah Kotla,2009/10
419141,Deccan Chargers,Rajasthan Royals,"Vidarbha Cricket Association Stadium, Jamtha",2009/10
419142,Chennai Super Kings,Mumbai Indians,"MA Chidambaram Stadium, Chepauk",2009/10
419143,Rajasthan Royals,Kings XI Punjab,Sawai Mansingh Stadium,2009/10
419144,Kolkata Knight Riders,Delhi Daredevils,Eden Gardens,2009/10
419145,Royal Challengers Bangalore,Deccan Chargers,M Chinnaswamy Stadium,2009/10
419146,Kings XI Punjab,Mumbai Indians,"Punjab Cricket Association Stadium, Mohali",2009/10
419147,Deccan Chargers,Chennai Super Kings,"Vidarbha Cricket Association Stadium, Jamtha",2009/10
419148,Royal Challengers Bangalore,Kolkata Knight Riders,M Chinnaswamy Stadium,2009/10
419149,Delhi Daredevils,Kings XI Punjab,Feroz Shah Kotla,2009/10
419150,Rajasthan Royals,Mumbai Indians,Sawai Mansingh Stadium,2009/10
419151,Deccan Chargers,Royal Challengers Bangalore,"Vidarbha Cricket Association Stadium, Jamtha",2009/10
419152,Mumbai Indians,Delhi Daredevils,Brabourne Stadium,2009/10
419153,Chennai Super Kings,Kolkata Knight Riders,"MA Chidambaram Stadium, Chepauk",2009/10
419154,Rajasthan Royals,Royal Challengers Bangalore,Sawai Mansingh Stadium,2009/10
419155,Chennai Super Kings,Delhi Daredevils,"MA Chidambaram Stadium, Chepauk",2009/10
419156,Kings XI Punjab,Deccan Chargers,Himachal Pradesh Cricket Association Stadium,2009/10
419157,Royal Challengers Bangalore,Mumbai Indians,M Chinnaswamy Stadium,2009/10
419158,Kolkata Knight Riders,Rajasthan Royals,Eden Gardens,2009/10
419159,Kings XI Punjab,Chennai Super Kings,Himachal Pradesh Cricket Association Stadium,2009/10
419160,Delhi Daredevils,Deccan Chargers,Feroz Shah Kotla,2009/10
419161,Kolkata Knight Riders,Mumbai Indians,Eden Gardens,2009/10
419162,Royal Challengers Bangalore,Mumbai Indians,Dr DY Patil Sports Academy,2009/10
419163,Chennai Super Kings,Deccan Chargers,Dr DY Patil Sports Academy,2009/10
419164,Royal Challengers Bangalore,Deccan Chargers,Dr DY Patil Sports Academy,2009/10
419165,Chennai Super Kings,Mumbai Indians,Dr DY Patil Sports Academy,2009/10
501198,Chennai Super Kings,Kolkata Knight Riders,"MA Chidambaram Stadium, Chepauk",2011
501199,Deccan Chargers,Rajasthan Royals,"Rajiv Gandhi International Stadium, Uppal",2011
501200,Kochi Tuskers Kerala,Royal Challengers Bangalore,Nehru Stadium,2011
501201,Delhi Daredevils,Mumbai Indians,Feroz Shah Kotla,2011
501202,Pune Warriors,Kings XI Punjab,Dr DY Patil Sports Academy,2011
501203,Kolkata Knight Riders,Deccan Chargers,Eden Gardens,2011
501204,Rajasthan Royals,Delhi Daredevils,Sawai Mansingh Stadium,2011
501205,Royal Challengers Bangalore,Mumbai Indians,M Chinnaswamy Stadium,2011
501206,Kings XI Punjab,Chennai Super Kings,"Punjab Cricket Association Stadium, Mohali",2011
501207,Pune Warriors,Kochi Tuskers Kerala,Dr DY Patil Sports Academy,2011
501208,Deccan Chargers,Royal Challengers Bangalore,"Rajiv Gandhi International Stadium, Uppal",2011
501209,Rajasthan Royals,Kolkata Knight Riders,Sawai Mansingh Stadium,2011
501210,Mumbai Indians,Kochi Tuskers Kerala,Wankhede Stadium,2011
501211,Chennai Super Kings,Royal Challengers Bangalore,"MA Chidambaram Stadium, Chepauk",2011
501212,Deccan Chargers,Kings XI Punjab,"Rajiv Gandhi International Stadium, Uppal",2011
501213,Pune Warriors,Delhi Daredevils,Dr DY Patil Sports Academy,2011
501214,Kolkata Knight Riders,Rajasthan Royals,Eden Gardens,2011
501215,Kochi Tuskers Kerala,Chennai Super Kings,Nehru Stadium,2011
501216,Delhi Daredevils,Deccan Chargers,Feroz Shah Kotla,2011
501218,Mumbai Indians,Pune Warriors,Wankhede Stadium,2011
501219,Kolkata Knight Riders,Kochi Tuskers Kerala,Eden Gardens,2011
501220,Kings XI Punjab,Rajasthan Royals,"Punjab Cricket Association Stadium, Mohali",2011
501221,Mumbai Indians,Chennai Super Kings,Wankhede Stadium,2011
501222,Kolkata Knight Riders,Royal Challengers Bangalore,Eden Gardens,2011
501223,Delhi Daredevils,Kings XI Punjab,Feroz Shah Kotla,2011
501224,Deccan Chargers,Mumbai Indians,"Rajiv Gandhi International Stadium, Uppal",2011
501225,Rajasthan Royals,Kochi Tuskers Kerala,Sawai Mansingh Stadium,2011
501226,Chennai Super Kings,Pune Warriors,"MA Chidambaram Stadium, Chepauk",2011
501227,Delhi Daredevils,Royal Challengers Bangalore,Feroz Shah Kotla,2011
501228,Pune Warriors,Chennai Super Kings,Dr DY Patil Sports Academy,2011
501229,Kochi Tuskers Kerala,Deccan Chargers,Nehru Stadium,2011
501230,Delhi Daredevils,Kolkata Knight Riders,Feroz Shah Kotla,2011
501231,Rajasthan Royals,Mumbai Indians,Sawai Mansingh Stadium,2011
501232,Royal Challengers Bangalore,Pune Warriors,M Chinnaswamy Stadium,2011
501233,Kochi Tuskers Kerala,Delhi Daredevils,Nehru Stadium,2011
501234,Kolkata Knight Riders,Kings XI Punjab,Eden Gardens,2011
501235,Rajasthan Royals,Pune Warriors,Sawai Mansingh Stadium,2011
501236,Chennai Super Kings,Deccan Chargers,"MA Chidambaram Stadium, Chepauk",2011
501237,Mumbai Indians,Kings XI Punjab,Wankhede Stadium,2011
501238,Delhi Daredevils,Kochi Tuskers Kerala,Feroz Shah Kotla,2011
501239,Deccan Chargers,Kolkata Knight Riders,"Rajiv Gandhi International Stadium, Uppal",2011
501240,Chennai Super Kings,Rajasthan Royals,"MA Chidambaram Stadium, Chepauk",2011
501241,Pune Warriors,Mumbai Indians,Dr DY Patil Sports Academy,2011
501242,Kochi Tuskers Kerala,Kolkata Knight Riders,Nehru Stadium,2011
501243,Deccan Chargers,Delhi Daredevils,"Rajiv Gandhi International Stadium, Uppal",2011
501244,Royal Challengers Bangalore,Kings XI Punjab,M Chinnaswamy Stadium,2011
501245,Kolkata Knight Riders,Chennai Super Kings,Eden Gardens,2011
501246,Mumbai Indians,Delhi Daredevils,Wankhede Stadium,2011
501247,Royal Challengers Bangalore,Kochi Tuskers Kerala,M Chinnaswamy Stadium,2011
501248,Kings XI Punjab,Pune Warriors,"Punjab Cricket Association Stadium, Mohali",2011
501249,Rajasthan Royals,Chennai Super Kings,Sawai Mansingh Stadium,2011
501250,Deccan Chargers,Pune Warriors,"Rajiv Gandhi International Stadium, Uppal",2011
501251,Kings XI Punjab,Mumbai Indians,"Punjab Cricket Association Stadium, Mohali",2011
501252,Rajasthan Royals,Royal Challengers Bangalore,Sawai Mansingh Stadium,2011
501253,Chennai Super Kings,Delhi Daredevils,"MA Chidambaram Stadium, Chepauk",2011
501254,Kochi Tuskers Kerala,Kings XI Punjab,Holkar Cricket Stadium,2011
501255,Royal Challengers Bangalore,Kolkata Knight Riders,M Chinnaswamy Stadium,2011
501256,Mumbai Indians,Deccan Chargers,Wankhede Stadium,2011
501257,Kings XI Punjab,Delhi Daredevils,Himachal Pradesh Cricket Association Stadium,2011
501258,Kochi Tuskers Kerala,Rajasthan Royals,Holkar Cricket Stadium,2011
501259,Pune Warriors,Deccan Chargers,Dr DY Patil Sports Academy,2011
501260,Kings XI Punjab,Royal Challengers Bangalore,Himachal Pradesh Cricket Association Stadium,2011
501261,Chennai Super Kings,Kochi Tuskers Kerala,"MA Chidambaram Stadium, Chepauk",2011
501262,Pune Warriors,Kolkata Knight Riders,Dr DY Patil Sports Academy,2011
501263,Mumbai Indians,Rajasthan Royals,Wankhede Stadium,2011
501264,Kings XI Punjab,Deccan Chargers,Himachal Pradesh Cricket Association Stadium,2011
501265,Delhi Daredevils,Pune Warriors,Feroz Shah Kotla,2011
501266,Royal Challengers Bangalore,Chennai Super Kings,M Chinnaswamy Stadium,2011
501267,Kolkata Knight Riders,Mumbai Indians,Eden Gardens,2011
501268,Royal Challengers Bangalore,Chennai Super Kings,Wankhede Stadium,2011
501269,Mumbai Indians,Kolkata Knight Riders,Wankhede Stadium,2011
501270,Royal Challengers Bangalore,Mumbai Indians,"MA Chidambaram Stadium, Chepauk",2011
501271,Chennai Super Kings,Royal Challengers Bangalore,"MA Chidambaram Stadium, Chepauk",2011
548306,Chennai Super Kings,Mumbai Indians,"MA Chidambaram Stadium, Chepauk",2012
548307,Kolkata Knight Riders,Delhi Daredevils,Eden Gardens,2012
548308,Mumbai Indians,Pune Warriors,Wankhede Stadium,2012
548309,Rajasthan Royals,Kings XI Punjab,Sawai Mansingh Stadium,2012
548310,Royal Challengers Bangalore,Delhi Daredevils,M Chinnaswamy Stadium,2012
548311,Deccan Chargers,Chennai Super Kings,Dr. Y.S. Rajasekhara Reddy ACA-VDCA Cricket Stadium,2012
548312,Rajasthan Royals,Kolkata Knight Riders,Sawai Mansingh Stadium,2012
548313,Pune Warriors,Kings XI Punjab,Subrata Roy Sahara Stadium,2012
548314,Deccan Chargers,Mumbai Indians,Dr. Y.S. Rajasekhara Reddy ACA-VDCA Cricket Stadium,2012
548315,Royal Challengers Bangalore,Kolkata Knight Riders,M Chinnaswamy Stadium,2012
548316,Delhi Daredevils,Chennai Super Kings,Feroz Shah Kotla,2012
548317,Mumbai Indians,Rajasthan Royals,Wankhede Stadium,2012
548318,Chennai Super Kings,Royal Challengers Bangalore,"MA Chidambaram Stadium, Chepauk",2012
548319,Kings XI Punjab,Pune Warriors,"Punjab Cricket Association Stadium, Mohali",2012
548320,Kolkata Knight Riders,Rajasthan Royals,Eden Gardens,2012
548321,Delhi Daredevils,Deccan Chargers,Feroz Shah Kotla,2012
548322,Pune Warriors,Chennai Super Kings,Subrata Roy Sahara Stadium,2012
548323,Kolkata Knight Riders,Kings XI Punjab,Eden Gardens,2012
548324,Royal Challengers Bangalore,Rajasthan Royals,M Chinnaswamy Stadium,2012
548325,Mumbai Indians,Delhi Daredevils,Wankhede Stadium,2012
548326,Rajasthan Royals,Deccan Chargers,Sawai Mansingh Stadium,2012
548327,Royal Challengers Bangalore,Pune Warriors,M Chinnaswamy Stadium,2012
548328,Kings XI Punjab,Kolkata Knight Riders,"Punjab Cricket Association Stadium, Mohali",2012
548329,Deccan Chargers,Delhi Daredevils,"Rajiv Gandhi International Stadium, Uppal",2012
548330,Chennai Super Kings,Pune Warriors,"MA Chidambaram Stadium, Chepauk",2012
548331,Kings XI Punjab,Royal Challengers Bangalore,"Punjab Cricket Association Stadium, Mohali",2012
548332,Chennai Super Kings,Rajasthan Royals,"MA Chidambaram Stadium, Chepauk",2012
548333,Delhi Daredevils,Pune Warriors,Feroz Shah Kotla,2012
548334,Mumbai Indians,Kings XI Punjab,Wankhede Stadium,2012
548335,Deccan Chargers,Kolkata Knight Riders,Barabati Stadium,2012
548336,Rajasthan Royals,Royal Challengers Bangalore,Sawai Mansingh Stadium,2012
548337,Pune Warriors,Delhi Daredevils,Subrata Roy Sahara Stadium,2012
548339,Kings XI Punjab,Mumbai Indians,"Punjab Cricket Association Stadium, Mohali",2012
548341,Pune Warriors,Deccan Chargers,Subrata Roy Sahara Stadium,2012
548342,Delhi Daredevils,Mumbai Indians,Feroz Shah Kotla,2012
548343,Chennai Super Kings,Kings XI Punjab,"MA Chidambaram Stadium, Chepauk",2012
548344,Kolkata Knight Riders,Royal Challengers Bangalore,Eden Gardens,2012
548345,Delhi Daredevils,Rajasthan Royals,Feroz Shah Kotla,2012
548346,Mumbai Indians,Deccan Chargers,Wankhede Stadium,2012
548347,Chennai Super Kings,Kolkata Knight Riders,"MA Chidambaram Stadium, Chepauk",2012
548348,Deccan Chargers,Pune Warriors,Barabati Stadium,2012
548349,Rajasthan Royals,Delhi Daredevils,Sawai Mansingh Stadium,2012
548350,Royal Challengers Bangalore,Kings XI Punjab,M Chinnaswamy Stadium,2012
548351,Pune Warriors,Mumbai Indians,Subrata Roy Sahara Stadium,2012
548352,Chennai Super Kings,Deccan Chargers,"MA Chidambaram Stadium, Chepauk",2012
548353,Kolkata Knight Riders,Pune Warriors,Eden Gardens,2012
548354,Kings XI Punjab,Rajasthan Royals,"Punjab Cricket Association Stadium, Mohali",2012
548355,Mumbai Indians,Chennai Super Kings,Wankhede Stadium,2012
548356,Royal Challengers Bangalore,Deccan Chargers,M Chinnaswamy Stadium,2012
548357,Delhi Daredevils,Kolkata Knight Riders,Feroz Shah Kotla,2012
548358,Pune Warriors,Rajasthan Royals,Subrata Roy Sahara Stadium,2012
548359,Deccan Chargers,Kings XI Punjab,"Rajiv Gandhi International Stadium, Uppal",2012
548360,Mumbai Indians,Royal Challengers Bangalore,Wankhede Stadium,2012
548361,Rajasthan Royals,Chennai Super Kings,Sawai Mansingh Stadium,2012
548362,Pune Warriors,Royal Challengers Bangalore,Subrata Roy Sahara Stadium,2012
548363,Kolkata Knight Riders,Mumbai Indians,Eden Gardens,2012
548364,Chennai Super Kings,Delhi Daredevils,"MA Chidambaram Stadium, Chepauk",2012
548365,Rajasthan Royals,Pune Warriors,Sawai Mansingh Stadium,2012
548366,Kings XI Punjab,Deccan Chargers,"Punjab Cricket Association Stadium, Mohali",2012
548367,Royal Challengers Bangalore,Mumbai Indians,M Chinnaswamy Stadium,2012
548368,Kolkata Knight Riders,Chennai Super Kings,Eden Gardens,2012
548369,Delhi Daredevils,Kings XI Punjab,Feroz Shah Kotla,2012
548370,Mumbai Indians,Kolkata Knight Riders,Wankhede Stadium,2012
548371,Kings XI Punjab,Chennai Super Kings,Himachal Pradesh Cricket Association Stadium,2012
548372,Delhi Daredevils,Royal Challengers Bangalore,Feroz Shah Kotla,2012
548373,Deccan Chargers,Rajasthan Royals,"Rajiv Gandhi International Stadium, Uppal",2012
548374,Kings XI Punjab,Delhi Daredevils,Himachal Pradesh Cricket Association Stadium,2012
548375,Pune Warriors,Kolkata Knight Riders,Subrata Roy Sahara Stadium,2012
548376,Deccan Chargers,Royal Challengers Bangalore,"Rajiv Gandhi International Stadium, Uppal",2012
548377,Rajasthan Royals,Mumbai Indians,Sawai Mansingh Stadium,2012
548378,Delhi Daredevils,Kolkata Knight Riders,Subrata Roy Sahara Stadium,2012
548379,Chennai Super Kings,Mumbai Indians,M Chinnaswamy Stadium,2012
548380,Delhi Daredevils,Chennai Super Kings,"MA Chidambaram Stadium, Chepauk",2012
548381,Kolkata Knight Riders,Chennai Super Kings,"MA Chidambaram Stadium, Chepauk",2012
597998,Kolkata Knight Riders,Delhi Daredevils,Eden Gardens,2013
597999,Royal Challengers Bangalore,Mumbai Indians,M Chinnaswamy Stadium,2013
598000,Sunrisers Hyderabad,Pune Warriors,"Rajiv Gandhi International Stadium, Uppal",2013
598001,Delhi Daredevils,Rajasthan Royals,Feroz Shah Kotla,2013
598002,Chennai Super Kings,Mumbai Indians,"MA Chidambaram Stadium, Chepauk",2013
598003,Pune Warriors,Kings XI Punjab,Subrata Roy Sahara Stadium,2013
598004,Sunrisers Hyderabad,Royal Challengers Bangalore,"Rajiv Gandhi International Stadium, Uppal",2013
598005,Rajasthan Royals,Kolkata Knight Riders,Sawai Mansingh Stadium,2013
598006,Mumbai Indians,Delhi Daredevils,Wankhede Stadium,2013
598007,Kings XI Punjab,Chennai Super Kings,"Punjab Cricket Association Stadium, Mohali",2013
598008,Royal Challengers Bangalore,Kolkata Knight Riders,M Chinnaswamy Stadium,2013
598009,Pune Warriors,Rajasthan Royals,Subrata Roy Sahara Stadium,2013
598010,Delhi Daredevils,Sunrisers Hyderabad,Feroz Shah Kotla,2013
598011,Mumbai Indians,Pune Warriors,Wankhede Stadium,2013
598012,Chennai Super Kings,Royal Challengers Bangalore,"MA Chidambaram Stadium, Chepauk",2013
598013,Kolkata Knight Riders,Sunrisers Hyderabad,Eden Gardens,2013
598014,Rajasthan Royals,Kings XI Punjab,Sawai Mansingh Stadium,2013
598015,Chennai Super Kings,Pune Warriors,"MA Chidambaram Stadium, Chepauk",2013
598016,Kings XI Punjab,Kolkata Knight Riders,"Punjab Cricket Association Stadium, Mohali",2013
598017,Royal Challengers Bangalore,Delhi Daredevils,M Chinnaswamy Stadium,2013
598018,Pune Warriors,Sunrisers Hyderabad,Maharashtra Cricket Association Stadium,2013
598019,Rajasthan Royals,Mumbai Indians,Sawai Mansingh Stadium,2013
598020,Delhi Daredevils,Chennai Super Kings,Feroz Shah Kotla,2013
598021,Sunrisers Hyderabad,Kings XI Punjab,"Rajiv Gandhi International Stadium, Uppal",2013
598022,Kolkata Knight Riders,Chennai Super Kings,Eden Gardens,2013
598023,Royal Challengers Bangalore,Rajasthan Royals,M Chinnaswamy Stadium,2013
598024,Delhi Daredevils,Mumbai Indians,Feroz Shah Kotla,2013
598025,Kings XI Punjab,Pune Warriors,"Punjab Cricket Association Stadium, Mohali",2013
598026,Chennai Super Kings,Rajasthan Royals,"MA Chidambaram Stadium, Chepauk",2013
598027,Royal Challengers Bangalore,Pune Warriors,M Chinnaswamy Stadium,2013
598028,Kings XI Punjab,Delhi Daredevils,Himachal Pradesh Cricket Association Stadium,2013
598029,Kolkata Knight Riders,Mumbai Indians,Eden Gardens,2013
598030,Chennai Super Kings,Sunrisers Hyderabad,"MA Chidambaram Stadium, Chepauk",2013
598031,Kolkata Knight Riders,Kings XI Punjab,Eden Gardens,2013
598032,Rajasthan Royals,Sunrisers Hyderabad,Sawai Mansingh Stadium,2013
598033,Mumbai Indians,Royal Challengers Bangalore,Wankhede Stadium,2013
598034,Chennai Super Kings,Kolkata Knight Riders,"MA Chidambaram Stadium, Chepauk",2013
598035,Delhi Daredevils,Pune Warriors,Shaheed Veer Narayan Singh International Stadium,2013
598036,Rajasthan Royals,Royal Challengers Bangalore,Sawai Mansingh Stadium,2013
598037,Mumbai Indians,Kings XI Punjab,Wankhede Stadium,2013
598038,Pune Warriors,Chennai Super Kings,Subrata Roy Sahara Stadium,2013
598039,Sunrisers Hyderabad,Mumbai Indians,"Rajiv Gandhi International Stadium, Uppal",2013
598040,Delhi Daredevils,Kolkata Knight Riders,Shaheed Veer Narayan Singh International Stadium,2013
598041,Chennai Super Kings,Kings XI Punjab,"MA Chidambaram Stadium, Chepauk",2013
598042,Pune Warriors,Royal Challengers Bangalore,Subrata Roy Sahara Stadium,2013
598043,Kolkata Knight Riders,Rajasthan Royals,Eden Gardens,2013
598044,Sunrisers Hyderabad,Delhi Daredevils,"Rajiv Gandhi International Stadium, Uppal",2013
598045,Royal Challengers Bangalore,Kings XI Punjab,M Chinnaswamy Stadium,2013
598046,Mumbai Indians,Chennai Super Kings,Wankhede Stadium,2013
598047,Rajasthan Royals,Pune Warriors,Sawai Mansingh Stadium,2013
598048,Royal Challengers Bangalore,Sunrisers Hyderabad,M Chinnaswamy Stadium,2013
598049,Rajasthan Royals,Delhi Daredevils,Sawai Mansingh Stadium,2013
598050,Mumbai Indians,Kolkata Knight Riders,Wankhede Stadium,2013
598051,Sunrisers Hyderabad,Chennai Super Kings,"Rajiv Gandhi International Stadium, Uppal",2013
598052,Kings XI Punjab,Rajasthan Royals,"Punjab Cricket Association Stadium, Mohali",2013
598053,Pune Warriors,Kolkata Knight Riders,Subrata Roy Sahara Stadium,2013
598054,Delhi Daredevils,Royal Challengers Bangalore,Feroz Shah Kotla,2013
598055,Pune Warriors,Mumbai Indians,Subrata Roy Sahara Stadium,2013
598056,Kings XI Punjab,Sunrisers Hyderabad,"Punjab Cricket Association Stadium, Mohali",2013
598057,Kolkata Knight Riders,Royal Challengers Bangalore,JSCA International Stadium Complex,2013
598058,Rajasthan Royals,Chennai Super Kings,Sawai Mansingh Stadium,2013
598059,Delhi Daredevils,Kings XI Punjab,Feroz Shah Kotla,2013
598060,Mumbai Indians,Sunrisers Hyderabad,Wankhede Stadium,2013
598061,Kolkata Knight Riders,Pune Warriors,JSCA International Stadium Complex,2013
598062,Chennai Super Kings,Delhi Daredevils,"MA Chidambaram Stadium, Chepauk",2013
598063,Mumbai Indians,Rajasthan Royals,Wankhede Stadium,2013
598064,Kings XI Punjab,Royal Challengers Bangalore,"Punjab Cricket Association Stadium, Mohali",2013
598065,Sunrisers Hyderabad,Rajasthan Royals,"Rajiv Gandhi International Stadium, Uppal",2013
598066,Kings XI Punjab,Mumbai Indians,Himachal Pradesh Cricket Association Stadium,2013
598067,Pune Warriors,Delhi Daredevils,Subrata Roy Sahara Stadium,2013
598068,Royal Challengers Bangalore,Chennai Super Kings,M Chinnaswamy Stadium,2013
598069,Sunrisers Hyderabad,Kolkata Knight Riders,"Rajiv Gandhi International Stadium, Uppal",2013
598070,Chennai Super Kings,Mumbai Indians,Feroz Shah Kotla,2013
598071,Rajasthan Royals,Sunrisers Hyderabad,Feroz Shah Kotla,2013
598072,Mumbai Indians,Rajasthan Royals,Eden Gardens,2013
598073,Chennai Super Kings,Mumbai Indians,Eden Gardens,2013
729279,Mumbai Indians,Kolkata Knight Riders,Sheikh Zayed Stadium,2014
729281,Delhi Daredevils,Royal Challengers Bangalore,Sharjah Cricket Stadium,2014
729283,Chennai Super Kings,Kings XI Punjab,Sheikh Zayed Stadium,2014
729285,Sunrisers Hyderabad,Rajasthan Royals,Sheikh Zayed Stadium,2014
729287,Royal Challengers Bangalore,Mumbai Indians,Dubai International Cricket Stadium,2014
729289,Kolkata Knight Riders,Delhi Daredevils,Dubai International Cricket Stadium,2014
729291,Rajasthan Royals,Kings XI Punjab,Sharjah Cricket Stadium,2014
729293,Chennai Super Kings,Delhi Daredevils,Sheikh Zayed Stadium,2014
729295,Kings XI Punjab,Sunrisers Hyderabad,Sharjah Cricket Stadium,2014
729297,Rajasthan Royals,Chennai Super Kings,Dubai International Cricket Stadium,2014
729299,Royal Challengers Bangalore,Kolkata Knight Riders,Sharjah Cricket Stadium,2014
729301,Sunrisers Hyderabad,Delhi Daredevils,Dubai International Cricket Stadium,2014
729303,Chennai Super Kings,Mumbai Indians,Dubai International Cricket Stadium,2014
729305,Rajasthan Royals,Royal Challengers Bangalore,Sheikh Zayed Stadium,2014
729307,Kolkata Knight Riders,Kings XI Punjab,Sheikh Zayed Stadium,2014
729309,Delhi Daredevils,Mumbai Indians,Sharjah Cricket Stadium,2014
729311,Sunrisers Hyderabad,Chennai Super Kings,Sharjah Cricket Stadium,2014
729313,Kings XI Punjab,Royal Challengers Bangalore,Dubai International Cricket Stadium,2014
729315,Kolkata Knight Riders,Rajasthan Royals,Sheikh Zayed Stadium,2014
729317,Mumbai Indians,Sunrisers Hyderabad,Dubai International Cricket Stadium,2014
733971,Chennai Super Kings,Kolkata Knight Riders,JSCA International Stadium Complex,2014
733973,Mumbai Indians,Kings XI Punjab,Wankhede Stadium,2014
733975,Delhi Daredevils,Rajasthan Royals,Feroz Shah Kotla,2014
733977,Royal Challengers Bangalore,Sunrisers Hyderabad,M Chinnaswamy Stadium,2014
733979,Rajasthan Royals,Kolkata Knight Riders,"Sardar Patel Stadium, Motera",2014
733981,Delhi Daredevils,Chennai Super Kings,Feroz Shah Kotla,2014
733983,Mumbai Indians,Royal Challengers Bangalore,Wankhede Stadium,2014
733985,Delhi Daredevils,Kolkata Knight Riders,Feroz Shah Kotla,2014
733987,Kings XI Punjab,Chennai Super Kings,Barabati Stadium,2014
733989,Rajasthan Royals,Sunrisers Hyderabad,"Sardar Patel Stadium, Motera",2014
733991,Royal Challengers Bangalore,Kings XI Punjab,M Chinnaswamy Stadium,2014
733993,Delhi Daredevils,Sunrisers Hyderabad,Feroz Shah Kotla,2014
733995,Mumbai Indians,Chennai Super Kings,Wankhede Stadium,2014
733997,Kings XI Punjab,Kolkata Knight Riders,Barabati Stadium,2014
733999,Royal Challengers Bangalore,Rajasthan Royals,M Chinnaswamy Stadium,2014
734001,Sunrisers Hyderabad,Mumbai Indians,"Rajiv Gandhi International Stadium, Uppal",2014
734003,Chennai Super Kings,Rajasthan Royals,JSCA International Stadium Complex,2014
734005,Royal Challengers Bangalore,Delhi Daredevils,M Chinnaswamy Stadium,2014
734007,Sunrisers Hyderabad,Kings XI Punjab,"Rajiv Gandhi International Stadium, Uppal",2014
734009,Kolkata Knight Riders,Mumbai Indians,Barabati Stadium,2014
734011,Rajasthan Royals,Delhi Daredevils,"Sardar Patel Stadium, Motera",2014
734013,Chennai Super Kings,Royal Challengers Bangalore,JSCA International Stadium Complex,2014
734015,Sunrisers Hyderabad,Kolkata Knight Riders,"Rajiv Gandhi International Stadium, Uppal",2014
734017,Rajasthan Royals,Mumbai Indians,"Sardar Patel Stadium, Motera",2014
734019,Delhi Daredevils,Kings XI Punjab,Feroz Shah Kotla,2014
734021,Sunrisers Hyderabad,Royal Challengers Bangalore,"Rajiv Gandhi International Stadium, Uppal",2014
734023,Kolkata Knight Riders,Chennai Super Kings,Eden Gardens,2014
734025,Kings XI Punjab,Mumbai Indians,"Punjab Cricket Association Stadium, Mohali",2014
734027,Kolkata Knight Riders,Royal Challengers Bangalore,Eden Gardens,2014
734029,Chennai Super Kings,Sunrisers Hyderabad,JSCA International Stadium Complex,2014
734031,Mumbai Indians,Delhi Daredevils,Wankhede Stadium,2014
734033,Kings XI Punjab,Rajasthan Royals,"Punjab Cricket Association Stadium, Mohali",2014
734035,Royal Challengers Bangalore,Chennai Super Kings,M Chinnaswamy Stadium,2014
734037,Kolkata Knight Riders,Sunrisers Hyderabad,Eden Gardens,2014
734039,Kings XI Punjab,Delhi Daredevils,"Punjab Cricket Association Stadium, Mohali",2014
734041,Mumbai Indians,Rajasthan Royals,Wankhede Stadium,2014
734043,Kings XI Punjab,Kolkata Knight Riders,Eden Gardens,2014
734045,Chennai Super Kings,Mumbai Indians,Brabourne Stadium,2014
734047,Chennai Super Kings,Kings XI Punjab,Wankhede Stadium,2014
734049,Kolkata Knight Riders,Kings XI Punjab,M Chinnaswamy Stadium,2014
829705,Kolkata Knight Riders,Mumbai Indians,Eden Gardens,2015
829707,Chennai Super Kings,Delhi Daredevils,"MA Chidambaram Stadium, Chepauk",2015
829709,Kings XI Punjab,Rajasthan Royals,Maharashtra Cricket Association Stadium,2015
829711,Chennai Super Kings,Sunrisers Hyderabad,"MA Chidambaram Stadium, Chepauk",2015
829713,Kolkata Knight Riders,Royal Challengers Bangalore,Eden Gardens,2015
829715,Delhi Daredevils,Rajasthan Royals,Feroz Shah Kotla,2015
829717,Mumbai Indians,Kings XI Punjab,Wankhede Stadium,2015
829719,Royal Challengers Bangalore,Sunrisers Hyderabad,M Chinnaswamy Stadium,2015
829721,Rajasthan Royals,Mumbai Indians,"Sardar Patel Stadium, Motera",2015
829723,Kolkata Knight Riders,Chennai Super Kings,Eden Gardens,2015
829725,Kings XI Punjab,Delhi Daredevils,Maharashtra Cricket Association Stadium,2015
829727,Sunrisers Hyderabad,Rajasthan Royals,Dr. Y.S. Rajasekhara Reddy ACA-VDCA Cricket Stadium,2015
829729,Mumbai Indians,Chennai Super Kings,Wankhede Stadium,2015
829731,Sunrisers Hyderabad,Delhi Daredevils,Dr. Y.S. Rajasekhara Reddy ACA-VDCA Cricket Stadium,2015
829733,Kings XI Punjab,Kolkata Knight Riders,Maharashtra Cricket Association Stadium,2015
829735,Rajasthan Royals,Chennai Super Kings,"Sardar Patel Stadium, Motera",2015
829737,Royal Challengers Bangalore,Mumbai Indians,M Chinnaswamy Stadium,2015
829739,Delhi Daredevils,Kolkata Knight Riders,Feroz Shah Kotla,2015
829741,Rajasthan Royals,Kings XI Punjab,"Sardar Patel Stadium, Motera",2015
829743,Sunrisers Hyderabad,Kolkata Knight Riders,Dr. Y.S. Rajasekhara Reddy ACA-VDCA Cricket Stadium,2015
829745,Royal Challengers Bangalore,Chennai Super Kings,M Chinnaswamy Stadium,2015
829747,Delhi Daredevils,Mumbai Indians,Feroz Shah Kotla,2015
829749,Rajasthan Royals,Royal Challengers Bangalore,"Sardar Patel Stadium, Motera",2015
829751,Mumbai Indians,Sunrisers Hyderabad,Wankhede Stadium,2015
829753,Chennai Super Kings,Kings XI Punjab,"MA Chidambaram Stadium, Chepauk",2015
829757,Delhi Daredevils,Royal Challengers Bangalore,Feroz Shah Kotla,2015
829759,Kings XI Punjab,Sunrisers Hyderabad,"Punjab Cricket Association Stadium, Mohali",2015
829761,Kolkata Knight Riders,Delhi Daredevils,Eden Gardens,2015
829763,Royal Challengers Bangalore,Rajasthan Royals,M Chinnaswamy Stadium,2015
829765,Chennai Super Kings,Kolkata Knight Riders,"MA Chidambaram Stadium, Chepauk",2015
829767,Delhi Daredevils,Kings XI Punjab,Feroz Shah Kotla,2015
829769,Mumbai Indians,Rajasthan Royals,Wankhede Stadium,2015
829771,Royal Challengers Bangalore,Kolkata Knight Riders,M Chinnaswamy Stadium,2015
829773,Sunrisers Hyderabad,Chennai Super Kings,"Rajiv Gandhi International Stadium, Uppal",2015
829775,Kings XI Punjab,Mumbai Indians,"Punjab Cricket Association Stadium, Mohali",2015
829777,Rajasthan Royals,Delhi Daredevils,Brabourne Stadium,2015
829779,Chennai Super Kings,Royal Challengers Bangalore,"MA Chidambaram Stadium, Chepauk",2015
829781,Kolkata Knight Riders,Sunrisers Hyderabad,Eden Gardens,2015
829783,Mumbai Indians,Delhi Daredevils,Wankhede Stadium,2015
829785,Royal Challengers Bangalore,Kings XI Punjab,M Chinnaswamy Stadium,2015
829787,Rajasthan Royals,Sunrisers Hyderabad,Brabourne Stadium,2015
829789,Chennai Super Kings,Mumbai Indians,"MA Chidambaram Stadium, Chepauk",2015
829791,Kolkata Knight Riders,Kings XI Punjab,Eden Gardens,2015
829793,Delhi Daredevils,Sunrisers Hyderabad,Shaheed Veer Narayan Singh International Stadium,2015
829795,Mumbai Indians,Royal Challengers Bangalore,Wankhede Stadium,2015
829797,Chennai Super Kings,Rajasthan Royals,"MA Chidambaram Stadium, Chepauk",2015
829799,Sunrisers Hyderabad,Kings XI Punjab,"Rajiv Gandhi International Stadium, Uppal",2015
829801,Delhi Daredevils,Chennai Super Kings,Shaheed Veer Narayan Singh International Stadium,2015
829803,Kings XI Punjab,Royal Challengers Bangalore,"Punjab Cricket Association Stadium, Mohali",2015
829805,Mumbai Indians,Kolkata Knight Riders,Wankhede Stadium,2015
829807,Sunrisers Hyderabad,Royal Challengers Bangalore,"Rajiv Gandhi International Stadium, Uppal",2015
829809,Kings XI Punjab,Chennai Super Kings,"Punjab Cricket Association Stadium, Mohali",2015
829811,Rajasthan Royals,Kolkata Knight Riders,Brabourne Stadium,2015
829813,Royal Challengers Bangalore,Delhi Daredevils,M Chinnaswamy Stadium,2015
829815,Sunrisers Hyderabad,Mumbai Indians,"Rajiv Gandhi International Stadium, Uppal",2015
829817,Chennai Super Kings,Mumbai Indians,Wankhede Stadium,2015
829819,Royal Challengers Bangalore,Rajasthan Royals,Maharashtra Cricket Association Stadium,2015
829821,Chennai Super Kings,Royal Challengers Bangalore,JSCA International Stadium Complex,2015
829823,Mumbai Indians,Chennai Super Kings,Eden Gardens,2015
980901,Mumbai Indians,Rising Pune Supergiants,Wankhede Stadium,2016
980903,Kolkata Knight Riders,Delhi Daredevils,Eden Gardens,2016
980905,Kings XI Punjab,Gujarat Lions,"Punjab Cricket Association IS Bindra Stadium, Mohali",2016
980907,Royal Challengers Bangalore,Sunrisers Hyderabad,M Chinnaswamy Stadium,2016
980909,Kolkata Knight Riders,Mumbai Indians,Eden Gardens,2016
980911,Gujarat Lions,Rising Pune Supergiants,Saurashtra Cricket Association Stadium,2016
980913,Delhi Daredevils,Kings XI Punjab,Feroz Shah Kotla,2016
980915,Sunrisers Hyderabad,Kolkata Knight Riders,"Rajiv Gandhi International Stadium, Uppal",2016
980917,Mumbai Indians,Gujarat Lions,Wankhede Stadium,2016
980919,Kings XI Punjab,Rising Pune Supergiants,"Punjab Cricket Association IS Bindra Stadium, Mohali",2016
980921,Royal Challengers Bangalore,Delhi Daredevils,M Chinnaswamy Stadium,2016
980923,Sunrisers Hyderabad,Mumbai Indians,"Rajiv Gandhi International Stadium, Uppal",2016
980925,Kings XI Punjab,Kolkata Knight Riders,"Punjab Cricket Association IS Bindra Stadium, Mohali",2016
980927,Mumbai Indians,Royal Challengers Bangalore,Wankhede Stadium,2016
980929,Gujarat Lions,Sunrisers Hyderabad,Saurashtra Cricket Association Stadium,2016
980931,Rising Pune Supergiants,Royal Challengers Bangalore,Maharashtra Cricket Association Stadium,2016
980933,Delhi Daredevils,Mumbai Indians,Feroz Shah Kotla,2016
980935,Sunrisers Hyderabad,Kings XI Punjab,"Rajiv Gandhi International Stadium, Uppal",2016
980937,Gujarat Lions,Royal Challengers Bangalore,Saurashtra Cricket Association Stadium,2016
980939,Rising Pune Supergiants,Kolkata Knight Riders,Maharashtra Cricket Association Stadium,2016
980941,Kings XI Punjab,Mumbai Indians,"Punjab Cricket Association IS Bindra Stadium, Mohali",2016
980943,Sunrisers Hyderabad,Rising Pune Supergiants,"Rajiv Gandhi International Stadium, Uppal",2016
980945,Delhi Daredevils,Gujarat Lions,Feroz Shah Kotla,2016
980947,Mumbai Indians,Kolkata Knight Riders,Wankhede Stadium,2016
980949,Rising Pune Supergiants,Gujarat Lions,Maharashtra Cricket Association Stadium,2016
980951,Delhi Daredevils,Kolkata Knight Riders,Feroz Shah Kotla,2016
980953,Sunrisers Hyderabad,Royal Challengers Bangalore,"Rajiv Gandhi International Stadium, Uppal",2016
980955,Gujarat Lions,Kings XI Punjab,Saurashtra Cricket Association Stadium,2016
980957,Rising Pune Supergiants,Mumbai Indians,Maharashtra Cricket Association Stadium,2016
980959,Royal Challengers Bangalore,Kolkata Knight Riders,M Chinnaswamy Stadium,2016
980961,Gujarat Lions,Delhi Daredevils,Saurashtra Cricket Association Stadium,2016
980963,Kolkata Knight Riders,Kings XI Punjab,Eden Gardens,2016
980965,Delhi Daredevils,Rising Pune Supergiants,Feroz Shah Kotla,2016
980967,Sunrisers Hyderabad,Gujarat Lions,"Rajiv Gandhi International Stadium, Uppal",2016
980969,Royal Challengers Bangalore,Rising Pune Supergiants,M Chinnaswamy Stadium,2016
980971,Kings XI Punjab,Delhi Daredevils,"Punjab Cricket Association IS Bindra Stadium, Mohali",2016
980973,Mumbai Indians,Sunrisers Hyderabad,Dr. Y.S. Rajasekhara Reddy ACA-VDCA Cricket Stadium,2016
980975,Kolkata Knight Riders,Gujarat Lions,Eden Gardens,2016
980977,Kings XI Punjab,Royal Challengers Bangalore,"Punjab Cricket Association IS Bindra Stadium, Mohali",2016
980979,Rising Pune Supergiants,Sunrisers Hyderabad,Dr. Y.S. Rajasekhara Reddy ACA-VDCA Cricket Stadium,2016
980981,Royal Challengers Bangalore,Mumbai Indians,M Chinnaswamy Stadium,2016
980983,Sunrisers Hyderabad,Delhi Daredevils,"Rajiv Gandhi International Stadium, Uppal",2016
980985,Mumbai Indians,Kings XI Punjab,Dr. Y.S. Rajasekhara Reddy ACA-VDCA Cricket Stadium,2016
980987,Royal Challengers Bangalore,Gujarat Lions,M Chinnaswamy Stadium,2016
980989,Kolkata Knight Riders,Rising Pune Supergiants,Eden Gardens,2016
980991,Kings XI Punjab,Sunrisers Hyderabad,"Punjab Cricket Association IS Bindra Stadium, Mohali",2016
980993,Mumbai Indians,Delhi Daredevils,Dr. Y.S. Rajasekhara Reddy ACA-VDCA Cricket Stadium,2016
980995,Kolkata Knight Riders,Royal Challengers Bangalore,Eden Gardens,2016
980997,Rising Pune Supergiants,Delhi Daredevils,Dr. Y.S. Rajasekhara Reddy ACA-VDCA Cricket Stadium,2016
980999,Royal Challengers Bangalore,Kings XI Punjab,M Chinnaswamy Stadium,2016
981001,Gujarat Lions,Kolkata Knight Riders,Green Park,2016
981003,Delhi Daredevils,Sunrisers Hyderabad,Shaheed Veer Narayan Singh International Stadium,2016
981005,Rising Pune Supergiants,Kings XI Punjab,Dr. Y.S. Rajasekhara Reddy ACA-VDCA Cricket Stadium,2016
981007,Gujarat Lions,Mumbai Indians,Green Park,2016
981009,Kolkata Knight Riders,Sunrisers Hyderabad,Eden Gardens,2016
981011,Delhi Daredevils,Royal Challengers Bangalore,Shaheed Veer Narayan Singh International Stadium,2016
981013,Gujarat Lions,Royal Challengers Bangalore,M Chinnaswamy Stadium,2016
981015,Sunrisers Hyderabad,Kolkata Knight Riders,Feroz Shah Kotla,2016
981017,Gujarat Lions,Sunrisers Hyderabad,Feroz Shah Kotla,2016
981019,Royal Challengers Bangalore,Sunrisers Hyderabad,M Chinnaswamy Stadium,2016
